timestamp,arbitration id,extended,remote,error,dlc,data
1518562521.867868,2016,False,False,False,8,0001020304050607
1518562521.880237,2016,False,False,False,8,0001020304050607
1518562521.888902,2016,False,False,False,8,0001020304050607
1518562521.897422,2016,False,False,False,8,0001020304050607
1518562521.905855,2016,False,False,False,8,0001020304050607
1518562521.914092,2016,False,False,False,8,0001020304050607
1518562521.922332,2016,False,False,False,8,0001020304050607
1518562521.930551,2016,False,False,False,8,0001020304050607
1518562521.868015,2016,False,False,False,8,0001020304050607
1518562521.868153,2016,False,False,False,8,0001020304050607
1518562521.868284,2016,False,False,False,8,0001020304050607
1518562521.868439,2016,False,False,False,8,0001020304050607
1518562521.868582,2016,False,False,False,8,0001020304050607
1518562521.868705,2016,False,False,False,8,0001020304050607
1518562521.868829,2016,False,False,False,8,0001020304050607
1518562521.868953,2016,False,False,False,8,0001020304050607
1518562521.869081,2016,False,False,False,8,0001020304050607
1518562521.869211,2016,False,False,False,8,0001020304050607
1518562521.869336,2016,False,False,False,8,0001020304050607
1518562521.869463,2016,False,False,False,8,0001020304050607
1518562521.869587,2016,False,False,False,8,0001020304050607
1518562521.869709,2016,False,False,False,8,0001020304050607
1518562521.869833,2016,False,False,False,8,0001020304050607
1518562521.869957,2016,False,False,False,8,0001020304050607
1518562521.87008,2016,False,False,False,8,0001020304050607
1518562521.870207,2016,False,False,False,8,0001020304050607
1518562521.870333,2016,False,False,False,8,0001020304050607
1518562521.870461,2016,False,False,False,8,0001020304050607
1518562521.870585,2016,False,False,False,8,0001020304050607
1518562521.870711,2016,False,False,False,8,0001020304050607
1518562521.870834,2016,False,False,False,8,0001020304050607
1518562521.870962,2016,False,False,False,8,0001020304050607
1518562521.87109,2016,False,False,False,8,0001020304050607
1518562521.871217,2016,False,False,False,8,0001020304050607
1518562521.871341,2016,False,False,False,8,0001020304050607
1518562521.871464,2016,False,False,False,8,0001020304050607
1518562521.871588,2016,False,False,False,8,0001020304050607
1518562521.871714,2016,False,False,False,8,0001020304050607
1518562521.871843,2016,False,False,False,8,0001020304050607
1518562521.871971,2016,False,False,False,8,0001020304050607
1518562521.872095,2016,False,False,False,8,0001020304050607
1518562521.872218,2016,False,False,False,8,0001020304050607
1518562521.872341,2016,False,False,False,8,0001020304050607
1518562521.872471,2016,False,False,False,8,0001020304050607
1518562521.872604,2016,False,False,False,8,0001020304050607
1518562521.872856,2016,False,False,False,8,0001020304050607
1518562521.873058,2016,False,False,False,8,0001020304050607
1518562521.873261,2016,False,False,False,8,0001020304050607
1518562521.873443,2016,False,False,False,8,0001020304050607
1518562521.873622,2016,False,False,False,8,0001020304050607
1518562521.873797,2016,False,False,False,8,0001020304050607
1518562521.880101,2016,False,False,False,8,0001020304050607
1518562521.880319,2016,False,False,False,8,0001020304050607
1518562521.880459,2016,False,False,False,8,0001020304050607
1518562521.880587,2016,False,False,False,8,0001020304050607
1518562521.880714,2016,False,False,False,8,0001020304050607
1518562521.880838,2016,False,False,False,8,0001020304050607
1518562521.880968,2016,False,False,False,8,0001020304050607
1518562521.88109,2016,False,False,False,8,0001020304050607
1518562521.881214,2016,False,False,False,8,0001020304050607
1518562521.881339,2016,False,False,False,8,0001020304050607
1518562521.881466,2016,False,False,False,8,0001020304050607
1518562521.881592,2016,False,False,False,8,0001020304050607
1518562521.881726,2016,False,False,False,8,0001020304050607
1518562521.881889,2016,False,False,False,8,0001020304050607
1518562521.882086,2016,False,False,False,8,0001020304050607
1518562521.882269,2016,False,False,False,8,0001020304050607
1518562521.882461,2016,False,False,False,8,0001020304050607
1518562521.882643,2016,False,False,False,8,0001020304050607
1518562521.882901,2016,False,False,False,8,0001020304050607
1518562521.888808,2016,False,False,False,8,0001020304050607
1518562521.889022,2016,False,False,False,8,0001020304050607
1518562521.88916,2016,False,False,False,8,0001020304050607
1518562521.889288,2016,False,False,False,8,0001020304050607
1518562521.889413,2016,False,False,False,8,0001020304050607
1518562521.889538,2016,False,False,False,8,0001020304050607
1518562521.889663,2016,False,False,False,8,0001020304050607
1518562521.889787,2016,False,False,False,8,0001020304050607
1518562521.88991,2016,False,False,False,8,0001020304050607
1518562521.890033,2016,False,False,False,8,0001020304050607
1518562521.890162,2016,False,False,False,8,0001020304050607
1518562521.890302,2016,False,False,False,8,0001020304050607
1518562521.890491,2016,False,False,False,8,0001020304050607
1518562521.890685,2016,False,False,False,8,0001020304050607
1518562521.890877,2016,False,False,False,8,0001020304050607
1518562521.89106,2016,False,False,False,8,0001020304050607
1518562521.891249,2016,False,False,False,8,0001020304050607
1518562521.897317,2016,False,False,False,8,0001020304050607
1518562521.897554,2016,False,False,False,8,0001020304050607
1518562521.897703,2016,False,False,False,8,0001020304050607
1518562521.897839,2016,False,False,False,8,0001020304050607
1518562521.897971,2016,False,False,False,8,0001020304050607
1518562521.8981,2016,False,False,False,8,0001020304050607
1518562521.898228,2016,False,False,False,8,0001020304050607
1518562521.898354,2016,False,False,False,8,0001020304050607
1518562521.898477,2016,False,False,False,8,0001020304050607
1518562521.898601,2016,False,False,False,8,0001020304050607
1518562521.898728,2016,False,False,False,8,0001020304050607
1518562521.898857,2016,False,False,False,8,0001020304050607
1518562521.898997,2016,False,False,False,8,0001020304050607
1518562521.899175,2016,False,False,False,8,0001020304050607
1518562521.899362,2016,False,False,False,8,0001020304050607
1518562521.899543,2016,False,False,False,8,0001020304050607
1518562521.899733,2016,False,False,False,8,0001020304050607
1518562521.899913,2016,False,False,False,8,0001020304050607
1518562521.905763,2016,False,False,False,8,0001020304050607
1518562521.905973,2016,False,False,False,8,0001020304050607
1518562521.90611,2016,False,False,False,8,0001020304050607
1518562521.906239,2016,False,False,False,8,0001020304050607
1518562521.906368,2016,False,False,False,8,0001020304050607
1518562521.906493,2016,False,False,False,8,0001020304050607
1518562521.906617,2016,False,False,False,8,0001020304050607
1518562521.90674,2016,False,False,False,8,0001020304050607
1518562521.906863,2016,False,False,False,8,0001020304050607
1518562521.906987,2016,False,False,False,8,0001020304050607
1518562521.907118,2016,False,False,False,8,0001020304050607
1518562521.907294,2016,False,False,False,8,0001020304050607
1518562521.907561,2016,False,False,False,8,0001020304050607
1518562521.907809,2016,False,False,False,8,0001020304050607
1518562521.908014,2016,False,False,False,8,0001020304050607
1518562521.908198,2016,False,False,False,8,0001020304050607
1518562521.913988,2016,False,False,False,8,0001020304050607
1518562521.91423,2016,False,False,False,8,0001020304050607
1518562521.914374,2016,False,False,False,8,0001020304050607
1518562521.914506,2016,False,False,False,8,0001020304050607
1518562521.914637,2016,False,False,False,8,0001020304050607
1518562521.914767,2016,False,False,False,8,0001020304050607
1518562521.914905,2016,False,False,False,8,0001020304050607
1518562521.915031,2016,False,False,False,8,0001020304050607
1518562521.915157,2016,False,False,False,8,0001020304050607
1518562521.915279,2016,False,False,False,8,0001020304050607
1518562521.915406,2016,False,False,False,8,0001020304050607
1518562521.915536,2016,False,False,False,8,0001020304050607
1518562521.915686,2016,False,False,False,8,0001020304050607
timestamp,arbitration id,extended,remote,error,dlc,data
1518562521.867868,2016,False,False,False,8,0001020304050607
1518562521.880237,2016,False,False,False,8,0001020304050607
1518562521.888902,2016,False,False,False,8,0001020304050607
1518562521.897422,2016,False,False,False,8,0001020304050607
1518562521.905855,2016,False,False,False,8,0001020304050607
1518562521.914092,2016,False,False,False,8,0001020304050607
1518562521.922332,2016,False,False,False,8,0001020304050607
1518562521.930551,2016,False,False,False,8,0001020304050607
1518562521.868015,2016,False,False,False,8,0001020304050607
1518562521.868153,2016,False,False,False,8,0001020304050607
1518562521.868284,2016,False,False,False,8,0001020304050607
1518562521.868439,2016,False,False,False,8,0001020304050607
1518562521.868582,2016,False,False,False,8,0001020304050607
1518562521.868705,2016,False,False,False,8,0001020304050607
1518562521.868829,2016,False,False,False,8,0001020304050607
1518562521.868953,2016,False,False,False,8,0001020304050607
1518562521.869081,2016,False,False,False,8,0001020304050607
1518562521.869211,2016,False,False,False,8,0001020304050607
1518562521.869336,2016,False,False,False,8,0001020304050607
1518562521.869463,2016,False,False,False,8,0001020304050607
1518562521.869587,2016,False,False,False,8,0001020304050607
1518562521.869709,2016,False,False,False,8,0001020304050607
1518562521.869833,2016,False,False,False,8,0001020304050607
1518562521.869957,2016,False,False,False,8,0001020304050607
1518562521.87008,2016,False,False,False,8,0001020304050607
1518562521.870207,2016,False,False,False,8,0001020304050607
1518562521.870333,2016,False,False,False,8,0001020304050607
1518562521.870461,2016,False,False,False,8,0001020304050607
1518562521.870585,2016,False,False,False,8,0001020304050607
1518562521.870711,2016,False,False,False,8,0001020304050607
1518562521.870834,2016,False,False,False,8,0001020304050607
1518562521.870962,2016,False,False,False,8,0001020304050607
1518562521.87109,2016,False,False,False,8,0001020304050607
1518562521.871217,2016,False,False,False,8,0001020304050607
1518562521.871341,2016,False,False,False,8,0001020304050607
1518562521.871464,2016,False,False,False,8,0001020304050607
1518562521.871588,2016,False,False,False,8,0001020304050607
1518562521.871714,2016,False,False,False,8,0001020304050607
1518562521.871843,2016,False,False,False,8,0001020304050607
1518562521.871971,2016,False,False,False,8,0001020304050607
1518562521.872095,2016,False,False,False,8,0001020304050607
1518562521.872218,2016,False,False,False,8,0001020304050607
1518562521.872341,2016,False,False,False,8,0001020304050607
1518562521.872471,2016,False,False,False,8,0001020304050607
1518562521.872604,2016,False,False,False,8,0001020304050607
1518562521.872856,2016,False,False,False,8,0001020304050607
1518562521.873058,2016,False,False,False,8,0001020304050607
1518562521.873261,2016,False,False,False,8,0001020304050607
1518562521.873443,2016,False,False,False,8,0001020304050607
1518562521.873622,2016,False,False,False,8,0001020304050607
1518562521.873797,2016,False,False,False,8,0001020304050607
1518562521.880101,2016,False,False,False,8,0001020304050607
1518562521.880319,2016,False,False,False,8,0001020304050607
1518562521.880459,2016,False,False,False,8,0001020304050607
1518562521.880587,2016,False,False,False,8,0001020304050607
1518562521.880714,2016,False,False,False,8,0001020304050607
1518562521.880838,2016,False,False,False,8,0001020304050607
1518562521.880968,2016,False,False,False,8,0001020304050607
1518562521.88109,2016,False,False,False,8,0001020304050607
1518562521.881214,2016,False,False,False,8,0001020304050607
1518562521.881339,2016,False,False,False,8,0001020304050607
1518562521.881466,2016,False,False,False,8,0001020304050607
1518562521.881592,2016,False,False,False,8,0001020304050607
1518562521.881726,2016,False,False,False,8,0001020304050607
1518562521.881889,2016,False,False,False,8,0001020304050607
1518562521.882086,2016,False,False,False,8,0001020304050607
1518562521.882269,2016,False,False,False,8,0001020304050607
1518562521.882461,2016,False,False,False,8,0001020304050607
1518562521.882643,2016,False,False,False,8,0001020304050607
1518562521.882901,2016,False,False,False,8,0001020304050607
1518562521.888808,2016,False,False,False,8,0001020304050607
1518562521.889022,2016,False,False,False,8,0001020304050607
1518562521.88916,2016,False,False,False,8,0001020304050607
1518562521.889288,2016,False,False,False,8,0001020304050607
1518562521.889413,2016,False,False,False,8,0001020304050607
1518562521.889538,2016,False,False,False,8,0001020304050607
1518562521.889663,2016,False,False,False,8,0001020304050607
1518562521.889787,2016,False,False,False,8,0001020304050607
1518562521.88991,2016,False,False,False,8,0001020304050607
1518562521.890033,2016,False,False,False,8,0001020304050607
1518562521.890162,2016,False,False,False,8,0001020304050607
1518562521.890302,2016,False,False,False,8,0001020304050607
1518562521.890491,2016,False,False,False,8,0001020304050607
1518562521.890685,2016,False,False,False,8,0001020304050607
1518562521.890877,2016,False,False,False,8,0001020304050607
1518562521.89106,2016,False,False,False,8,0001020304050607
1518562521.891249,2016,False,False,False,8,0001020304050607
1518562521.897317,2016,False,False,False,8,0001020304050607
1518562521.897554,2016,False,False,False,8,0001020304050607
1518562521.897703,2016,False,False,False,8,0001020304050607
1518562521.897839,2016,False,False,False,8,0001020304050607
1518562521.897971,2016,False,False,False,8,0001020304050607
1518562521.8981,2016,False,False,False,8,0001020304050607
1518562521.898228,2016,False,False,False,8,0001020304050607
1518562521.898354,2016,False,False,False,8,0001020304050607
1518562521.898477,2016,False,False,False,8,0001020304050607
1518562521.898601,2016,False,False,False,8,0001020304050607
1518562521.898728,2016,False,False,False,8,0001020304050607
1518562521.898857,2016,False,False,False,8,0001020304050607
1518562521.898997,2016,False,False,False,8,0001020304050607
1518562521.899175,2016,False,False,False,8,0001020304050607
1518562521.899362,2016,False,False,False,8,0001020304050607
1518562521.899543,2016,False,False,False,8,0001020304050607
1518562521.899733,2016,False,False,False,8,0001020304050607
1518562521.899913,2016,False,False,False,8,0001020304050607
1518562521.905763,2016,False,False,False,8,0001020304050607
1518562521.905973,2016,False,False,False,8,0001020304050607
1518562521.90611,2016,False,False,False,8,0001020304050607
1518562521.906239,2016,False,False,False,8,0001020304050607
1518562521.906368,2016,False,False,False,8,0001020304050607
1518562521.906493,2016,False,False,False,8,0001020304050607
1518562521.906617,2016,False,False,False,8,0001020304050607
1518562521.90674,2016,False,False,False,8,0001020304050607
1518562521.906863,2016,False,False,False,8,0001020304050607
1518562521.906987,2016,False,False,False,8,0001020304050607
1518562521.907118,2016,False,False,False,8,0001020304050607
1518562521.907294,2016,False,False,False,8,0001020304050607
1518562521.907561,2016,False,False,False,8,0001020304050607
1518562521.907809,2016,False,False,False,8,0001020304050607
1518562521.908014,2016,False,False,False,8,0001020304050607
1518562521.908198,2016,False,False,False,8,0001020304050607
1518562521.913988,2016,False,False,False,8,0001020304050607
1518562521.91423,2016,False,False,False,8,0001020304050607
1518562521.914374,2016,False,False,False,8,0001020304050607
1518562521.914506,2016,False,False,False,8,0001020304050607
1518562521.914637,2016,False,False,False,8,0001020304050607
1518562521.914767,2016,False,False,False,8,0001020304050607
1518562521.914905,2016,False,False,False,8,0001020304050607
1518562521.915031,2016,False,False,False,8,0001020304050607
1518562521.915157,2016,False,False,False,8,0001020304050607
1518562521.915279,2016,False,False,False,8,0001020304050607
1518562521.915406,2016,False,False,False,8,0001020304050607
1518562521.915536,2016,False,False,False,8,0001020304050607
1518562521.915686,2016,False,False,False,8,0001020304050607
1518562521.915871,2016,False,False,False,8,0001020304050607
1518562521.916058,2016,False,False,False,8,0001020304050607
1518562521.91626,2016,False,False,False,8,0001020304050607
1518562521.916539,2016,False,False,False,8,0001020304050607
1518562521.91673,2016,False,False,False,8,0001020304050607
1518562521.922238,2016,False,False,False,8,0001020304050607
1518562521.922449,2016,False,False,False,8,0001020304050607
1518562521.922583,2016,False,False,False,8,0001020304050607
1518562521.922713,2016,False,False,False,8,0001020304050607
1518562521.923004,2016,False,False,False,8,0001020304050607
1518562521.923159,2016,False,False,False,8,0001020304050607
1518562521.923289,2016,False,False,False,8,0001020304050607
1518562521.923449,2016,False,False,False,8,0001020304050607
1518562521.923593,2016,False,False,False,8,0001020304050607
1518562521.92372,2016,False,False,False,8,0001020304050607
1518562521.923852,2016,False,False,False,8,0001020304050607
1518562521.924021,2016,False,False,False,8,0001020304050607
1518562521.92421,2016,False,False,False,8,0001020304050607
1518562521.924436,2016,False,False,False,8,0001020304050607
1518562521.924682,2016,False,False,False,8,0001020304050607
1518562521.924882,2016,False,False,False,8,0001020304050607
1518562521.930402,2016,False,False,False,8,0001020304050607
1518562521.930658,2016,False,False,False,8,0001020304050607
1518562521.930809,2016,False,False,False,8,0001020304050607
1518562521.930941,2016,False,False,False,8,0001020304050607
1518562521.931072,2016,False,False,False,8,0001020304050607
1518562521.931202,2016,False,False,False,8,0001020304050607
1518562521.931333,2016,False,False,False,8,0001020304050607
1518562521.931462,2016,False,False,False,8,0001020304050607
1518562521.931593,2016,False,False,False,8,0001020304050607
1518562521.93172,2016,False,False,False,8,0001020304050607
1518562521.931844,2016,False,False,False,8,0001020304050607
1518562521.931975,2016,False,False,False,8,0001020304050607
1518562521.932127,2016,False,False,False,8,0001020304050607
1518562521.932313,2016,False,False,False,8,0001020304050607
1518562521.932615,2016,False,False,False,8,0001020304050607
1518562521.932922,2016,False,False,False,8,0001020304050607
1518562521.93315,2016,False,False,False,8,0001020304050607
1518562521.933327,2016,False,False,False,8,0001020304050607
1518562521.938498,2016,False,False,False,8,0001020304050607
1518562521.938723,2016,False,False,False,8,0001020304050607
1518562521.938883,2016,False,False,False,8,0001020304050607
1518562521.939018,2016,False,False,False,8,0001020304050607
1518562521.939149,2016,False,False,False,8,0001020304050607
1518562521.939275,2016,False,False,False,8,0001020304050607
1518562521.939455,2016,False,False,False,8,0001020304050607
1518562521.939614,2016,False,False,False,8,0001020304050607
1518562521.939743,2016,False,False,False,8,0001020304050607
1518562521.939867,2016,False,False,False,8,0001020304050607
1518562521.939995,2016,False,False,False,8,0001020304050607
1518562521.940138,2016,False,False,False,8,0001020304050607
1518562521.940375,2016,False,False,False,8,0001020304050607
1518562521.940623,2016,False,False,False,8,0001020304050607
1518562521.940838,2016,False,False,False,8,0001020304050607
1518562521.941027,2016,False,False,False,8,0001020304050607
1518562521.941508,2016,False,False,False,8,0001020304050607
1518562521.946526,2016,False,False,False,8,0001020304050607
1518562521.9468,2016,False,False,False,8,0001020304050607
1518562521.946984,2016,False,False,False,8,0001020304050607
1518562521.947126,2016,False,False,False,8,0001020304050607
1518562521.947262,2016,False,False,False,8,0001020304050607
1518562521.947393,2016,False,False,False,8,0001020304050607
1518562521.947532,2016,False,False,False,8,0001020304050607
1518562521.947671,2016,False,False,False,8,0001020304050607
1518562521.947801,2016,False,False,False,8,0001020304050607
1518562521.947929,2016,False,False,False,8,0001020304050607
1518562521.948056,2016,False,False,False,8,0001020304050607
1518562521.948183,2016,False,False,False,8,0001020304050607
1518562521.948319,2016,False,False,False,8,0001020304050607
1518562521.948607,2016,False,False,False,8,0001020304050607
1518562521.948805,2016,False,False,False,8,0001020304050607
1518562521.948993,2016,False,False,False,8,0001020304050607
1518562521.949175,2016,False,False,False,8,0001020304050607
1518562521.949348,2016,False,False,False,8,0001020304050607
1518562521.954487,2016,False,False,False,8,0001020304050607
1518562521.954744,2016,False,False,False,8,0001020304050607
1518562521.954907,2016,False,False,False,8,0001020304050607
1518562521.955045,2016,False,False,False,8,0001020304050607
1518562521.95518,2016,False,False,False,8,0001020304050607
1518562521.955307,2016,False,False,False,8,0001020304050607
1518562521.955486,2016,False,False,False,8,0001020304050607
1518562521.955639,2016,False,False,False,8,0001020304050607
1518562521.955767,2016,False,False,False,8,0001020304050607
1518562521.955892,2016,False,False,False,8,0001020304050607
1518562521.95602,2016,False,False,False,8,0001020304050607
1518562521.956165,2016,False,False,False,8,0001020304050607
1518562521.956389,2016,False,False,False,8,0001020304050607
1518562521.956614,2016,False,False,False,8,0001020304050607
1518562521.956804,2016,False,False,False,8,0001020304050607
1518562521.956987,2016,False,False,False,8,0001020304050607
1518562521.957156,2016,False,False,False,8,0001020304050607
1518562521.961696,2016,False,False,False,8,0001020304050607
1518562521.961985,2016,False,False,False,8,0001020304050607
1518562521.962202,2016,False,False,False,8,0001020304050607
1518562521.962376,2016,False,False,False,8,0001020304050607
1518562521.96252,2016,False,False,False,8,0001020304050607
1518562521.96265,2016,False,False,False,8,0001020304050607
1518562521.962957,2016,False,False,False,8,0001020304050607
1518562521.963127,2016,False,False,False,8,0001020304050607
1518562521.963264,2016,False,False,False,8,0001020304050607
1518562521.963394,2016,False,False,False,8,0001020304050607
1518562521.963519,2016,False,False,False,8,0001020304050607
1518562521.96365,2016,False,False,False,8,0001020304050607
1518562521.963785,2016,False,False,False,8,0001020304050607
1518562521.963998,2016,False,False,False,8,0001020304050607
1518562521.964228,2016,False,False,False,8,0001020304050607
1518562521.964589,2016,False,False,False,8,0001020304050607
1518562521.964862,2016,False,False,False,8,0001020304050607
1518562521.96534,2016,False,False,False,8,0001020304050607
1518562521.969563,2016,False,False,False,8,0001020304050607
1518562521.96985,2016,False,False,False,8,0001020304050607
1518562521.970017,2016,False,False,False,8,0001020304050607
1518562521.970154,2016,False,False,False,8,0001020304050607
1518562521.97029,2016,False,False,False,8,0001020304050607
1518562521.970422,2016,False,False,False,8,0001020304050607
1518562521.970558,2016,False,False,False,8,0001020304050607
1518562521.97069,2016,False,False,False,8,0001020304050607
1518562521.970826,2016,False,False,False,8,0001020304050607
1518562521.970952,2016,False,False,False,8,0001020304050607
1518562521.971076,2016,False,False,False,8,0001020304050607
1518562521.971201,2016,False,False,False,8,0001020304050607
1518562521.97139,2016,False,False,False,8,0001020304050607
1518562521.971636,2016,False,False,False,8,0001020304050607
1518562521.971862,2016,False,False,False,8,0001020304050607
1518562521.972058,2016,False,False,False,8,0001020304050607
1518562521.972254,2016,False,False,False,8,0001020304050607
1518562521.972501,2016,False,False,False,8,0001020304050607
1518562521.976666,2016,False,False,False,8,0001020304050607
1518562521.976958,2016,False,False,False,8,0001020304050607
1518562521.977186,2016,False,False,False,8,0001020304050607
1518562521.977349,2016,False,False,False,8,0001020304050607
1518562521.977482,2016,False,False,False,8,0001020304050607
1518562521.977609,2016,False,False,False,8,0001020304050607
1518562521.977737,2016,False,False,False,8,0001020304050607
1518562521.977868,2016,False,False,False,8,0001020304050607
1518562521.915871,2016,False,False,False,8,0001020304050607
1518562521.916058,2016,False,False,False,8,0001020304050607
1518562521.91626,2016,False,False,False,8,0001020304050607
1518562521.916539,2016,False,False,False,8,0001020304050607
1518562521.91673,2016,False,False,False,8,0001020304050607
1518562521.922238,2016,False,False,False,8,0001020304050607
1518562521.922449,2016,False,False,False,8,0001020304050607
1518562521.922583,2016,False,False,False,8,0001020304050607
1518562521.922713,2016,False,False,False,8,0001020304050607
1518562521.923004,2016,False,False,False,8,0001020304050607
1518562521.923159,2016,False,False,False,8,0001020304050607
1518562521.923289,2016,False,False,False,8,0001020304050607
1518562521.923449,2016,False,False,False,8,0001020304050607
1518562521.923593,2016,False,False,False,8,0001020304050607
1518562521.92372,2016,False,False,False,8,0001020304050607
1518562521.923852,2016,False,False,False,8,0001020304050607
1518562521.924021,2016,False,False,False,8,0001020304050607
1518562521.92421,2016,False,False,False,8,0001020304050607
1518562521.924436,2016,False,False,False,8,0001020304050607
1518562521.924682,2016,False,False,False,8,0001020304050607
1518562521.924882,2016,False,False,False,8,0001020304050607
1518562521.930402,2016,False,False,False,8,0001020304050607
1518562521.930658,2016,False,False,False,8,0001020304050607
1518562521.930809,2016,False,False,False,8,0001020304050607
1518562521.930941,2016,False,False,False,8,0001020304050607
1518562521.931072,2016,False,False,False,8,0001020304050607
1518562521.931202,2016,False,False,False,8,0001020304050607
1518562521.931333,2016,False,False,False,8,0001020304050607
1518562521.931462,2016,False,False,False,8,0001020304050607
1518562521.931593,2016,False,False,False,8,0001020304050607
1518562521.93172,2016,False,False,False,8,0001020304050607
1518562521.931844,2016,False,False,False,8,0001020304050607
1518562521.931975,2016,False,False,False,8,0001020304050607
1518562521.932127,2016,False,False,False,8,0001020304050607
1518562521.932313,2016,False,False,False,8,0001020304050607
1518562521.932615,2016,False,False,False,8,0001020304050607
1518562521.932922,2016,False,False,False,8,0001020304050607
1518562521.93315,2016,False,False,False,8,0001020304050607
1518562521.933327,2016,False,False,False,8,0001020304050607
1518562521.938498,2016,False,False,False,8,0001020304050607
1518562521.938723,2016,False,False,False,8,0001020304050607
1518562521.938883,2016,False,False,False,8,0001020304050607
1518562521.939018,2016,False,False,False,8,0001020304050607
1518562521.939149,2016,False,False,False,8,0001020304050607
1518562521.939275,2016,False,False,False,8,0001020304050607
1518562521.939455,2016,False,False,False,8,0001020304050607
1518562521.939614,2016,False,False,False,8,0001020304050607
1518562521.939743,2016,False,False,False,8,0001020304050607
1518562521.939867,2016,False,False,False,8,0001020304050607
1518562521.939995,2016,False,False,False,8,0001020304050607
1518562521.940138,2016,False,False,False,8,0001020304050607
1518562521.940375,2016,False,False,False,8,0001020304050607
1518562521.940623,2016,False,False,False,8,0001020304050607
1518562521.940838,2016,False,False,False,8,0001020304050607
1518562521.941027,2016,False,False,False,8,0001020304050607
1518562521.941508,2016,False,False,False,8,0001020304050607
1518562521.946526,2016,False,False,False,8,0001020304050607
1518562521.9468,2016,False,False,False,8,0001020304050607
1518562521.946984,2016,False,False,False,8,0001020304050607
1518562521.947126,2016,False,False,False,8,0001020304050607
1518562521.947262,2016,False,False,False,8,0001020304050607
1518562521.947393,2016,False,False,False,8,0001020304050607
1518562521.947532,2016,False,False,False,8,0001020304050607
1518562521.947671,2016,False,False,False,8,0001020304050607
1518562521.947801,2016,False,False,False,8,0001020304050607
1518562521.947929,2016,False,False,False,8,0001020304050607
1518562521.948056,2016,False,False,False,8,0001020304050607
1518562521.948183,2016,False,False,False,8,0001020304050607
1518562521.948319,2016,False,False,False,8,0001020304050607
1518562521.948607,2016,False,False,False,8,0001020304050607
1518562521.948805,2016,False,False,False,8,0001020304050607
1518562521.948993,2016,False,False,False,8,0001020304050607
1518562521.949175,2016,False,False,False,8,0001020304050607
1518562521.949348,2016,False,False,False,8,0001020304050607
1518562521.954487,2016,False,False,False,8,0001020304050607
1518562521.954744,2016,False,False,False,8,0001020304050607
1518562521.954907,2016,False,False,False,8,0001020304050607
1518562521.955045,2016,False,False,False,8,0001020304050607
1518562521.95518,2016,False,False,False,8,0001020304050607
1518562521.955307,2016,False,False,False,8,0001020304050607
1518562521.955486,2016,False,False,False,8,0001020304050607
1518562521.955639,2016,False,False,False,8,0001020304050607
1518562521.955767,2016,False,False,False,8,0001020304050607
1518562521.955892,2016,False,False,False,8,0001020304050607
1518562521.95602,2016,False,False,False,8,0001020304050607
1518562521.956165,2016,False,False,False,8,0001020304050607
1518562521.956389,2016,False,False,False,8,0001020304050607
1518562521.956614,2016,False,False,False,8,0001020304050607
1518562521.956804,2016,False,False,False,8,0001020304050607
1518562521.956987,2016,False,False,False,8,0001020304050607
1518562521.957156,2016,False,False,False,8,0001020304050607
1518562521.961696,2016,False,False,False,8,0001020304050607
1518562521.961985,2016,False,False,False,8,0001020304050607
1518562521.962202,2016,False,False,False,8,0001020304050607
1518562521.962376,2016,False,False,False,8,0001020304050607
1518562521.96252,2016,False,False,False,8,0001020304050607
1518562521.96265,2016,False,False,False,8,0001020304050607
1518562521.962957,2016,False,False,False,8,0001020304050607
1518562521.963127,2016,False,False,False,8,0001020304050607
1518562521.963264,2016,False,False,False,8,0001020304050607
1518562521.963394,2016,False,False,False,8,0001020304050607
1518562521.963519,2016,False,False,False,8,0001020304050607
1518562521.96365,2016,False,False,False,8,0001020304050607
1518562521.963785,2016,False,False,False,8,0001020304050607
1518562521.963998,2016,False,False,False,8,0001020304050607
1518562521.964228,2016,False,False,False,8,0001020304050607
1518562521.964589,2016,False,False,False,8,0001020304050607
1518562521.964862,2016,False,False,False,8,0001020304050607
1518562521.96534,2016,False,False,False,8,0001020304050607
1518562521.969563,2016,False,False,False,8,0001020304050607
1518562521.96985,2016,False,False,False,8,0001020304050607
1518562521.970017,2016,False,False,False,8,0001020304050607
1518562521.970154,2016,False,False,False,8,0001020304050607
1518562521.97029,2016,False,False,False,8,0001020304050607
1518562521.970422,2016,False,False,False,8,0001020304050607
1518562521.970558,2016,False,False,False,8,0001020304050607
1518562521.97069,2016,False,False,False,8,0001020304050607
1518562521.970826,2016,False,False,False,8,0001020304050607
1518562521.970952,2016,False,False,False,8,0001020304050607
1518562521.971076,2016,False,False,False,8,0001020304050607
1518562521.971201,2016,False,False,False,8,0001020304050607
1518562521.97139,2016,False,False,False,8,0001020304050607
1518562521.971636,2016,False,False,False,8,0001020304050607
1518562521.971862,2016,False,False,False,8,0001020304050607
1518562521.972058,2016,False,False,False,8,0001020304050607
1518562521.972254,2016,False,False,False,8,0001020304050607
1518562521.972501,2016,False,False,False,8,0001020304050607
1518562521.976666,2016,False,False,False,8,0001020304050607
1518562521.976958,2016,False,False,False,8,0001020304050607
1518562521.977186,2016,False,False,False,8,0001020304050607
1518562521.977349,2016,False,False,False,8,0001020304050607
1518562521.977482,2016,False,False,False,8,0001020304050607
1518562521.977609,2016,False,False,False,8,0001020304050607
1518562521.977737,2016,False,False,False,8,0001020304050607
1518562521.977868,2016,False,False,False,8,0001020304050607
1518562521.978002,2016,False,False,False,8,0001020304050607
1518562521.978128,2016,False,False,False,8,0001020304050607
1518562521.978253,2016,False,False,False,8,0001020304050607
1518562521.978381,2016,False,False,False,8,0001020304050607
1518562521.978508,2016,False,False,False,8,0001020304050607
1518562521.978639,2016,False,False,False,8,0001020304050607
1518562521.978841,2016,False,False,False,8,0001020304050607
1518562521.979085,2016,False,False,False,8,0001020304050607
1518562521.979346,2016,False,False,False,8,0001020304050607
1518562521.979564,2016,False,False,False,8,0001020304050607
1518562521.979755,2016,False,False,False,8,0001020304050607
1518562521.984132,2016,False,False,False,8,0001020304050607
1518562521.984437,2016,False,False,False,8,0001020304050607
1518562521.984673,2016,False,False,False,8,0001020304050607
1518562521.984833,2016,False,False,False,8,0001020304050607
1518562521.984965,2016,False,False,False,8,0001020304050607
1518562521.985097,2016,False,False,False,8,0001020304050607
1518562521.985224,2016,False,False,False,8,0001020304050607
1518562521.985356,2016,False,False,False,8,0001020304050607
1518562521.985492,2016,False,False,False,8,0001020304050607
1518562521.985618,2016,False,False,False,8,0001020304050607
1518562521.985745,2016,False,False,False,8,0001020304050607
1518562521.985873,2016,False,False,False,8,0001020304050607
1518562521.986009,2016,False,False,False,8,0001020304050607
1518562521.986176,2016,False,False,False,8,0001020304050607
1518562521.986409,2016,False,False,False,8,0001020304050607
1518562521.986665,2016,False,False,False,8,0001020304050607
1518562521.98689,2016,False,False,False,8,0001020304050607
1518562521.987096,2016,False,False,False,8,0001020304050607
1518562521.987261,2016,False,False,False,8,0001020304050607
1518562521.991164,2016,False,False,False,8,0001020304050607
1518562521.991466,2016,False,False,False,8,0001020304050607
1518562521.991692,2016,False,False,False,8,0001020304050607
1518562521.991886,2016,False,False,False,8,0001020304050607
1518562521.992024,2016,False,False,False,8,0001020304050607
1518562521.99216,2016,False,False,False,8,0001020304050607
1518562521.992292,2016,False,False,False,8,0001020304050607
1518562521.992424,2016,False,False,False,8,0001020304050607
1518562521.992555,2016,False,False,False,8,0001020304050607
1518562521.992689,2016,False,False,False,8,0001020304050607
1518562521.992904,2016,False,False,False,8,0001020304050607
1518562521.993037,2016,False,False,False,8,0001020304050607
1518562521.99317,2016,False,False,False,8,0001020304050607
1518562521.993324,2016,False,False,False,8,0001020304050607
1518562521.993517,2016,False,False,False,8,0001020304050607
1518562521.993724,2016,False,False,False,8,0001020304050607
1518562521.993945,2016,False,False,False,8,0001020304050607
1518562521.994156,2016,False,False,False,8,0001020304050607
1518562521.994332,2016,False,False,False,8,0001020304050607
1518562521.998534,2016,False,False,False,8,0001020304050607
1518562521.998828,2016,False,False,False,8,0001020304050607
1518562521.999039,2016,False,False,False,8,0001020304050607
1518562521.999222,2016,False,False,False,8,0001020304050607
1518562521.999363,2016,False,False,False,8,0001020304050607
1518562521.999494,2016,False,False,False,8,0001020304050607
1518562521.99963,2016,False,False,False,8,0001020304050607
1518562521.999758,2016,False,False,False,8,0001020304050607
1518562521.999892,2016,False,False,False,8,0001020304050607
1518562522.00002,2016,False,False,False,8,0001020304050607
1518562522.00015,2016,False,False,False,8,0001020304050607
1518562522.000282,2016,False,False,False,8,0001020304050607
1518562522.000411,2016,False,False,False,8,0001020304050607
1518562522.000559,2016,False,False,False,8,0001020304050607
1518562522.000771,2016,False,False,False,8,0001020304050607
1518562522.000983,2016,False,False,False,8,0001020304050607
1518562522.001233,2016,False,False,False,8,0001020304050607
1518562522.001443,2016,False,False,False,8,0001020304050607
1518562522.001618,2016,False,False,False,8,0001020304050607
1518562522.005436,2016,False,False,False,8,0001020304050607
1518562522.005722,2016,False,False,False,8,0001020304050607
1518562522.005942,2016,False,False,False,8,0001020304050607
1518562522.006108,2016,False,False,False,8,0001020304050607
1518562522.006257,2016,False,False,False,8,0001020304050607
1518562522.006453,2016,False,False,False,8,0001020304050607
1518562522.006612,2016,False,False,False,8,0001020304050607
1518562522.006741,2016,False,False,False,8,0001020304050607
1518562522.006868,2016,False,False,False,8,0001020304050607
1518562522.006993,2016,False,False,False,8,0001020304050607
1518562522.007124,2016,False,False,False,8,0001020304050607
1518562522.00725,2016,False,False,False,8,0001020304050607
1518562522.007381,2016,False,False,False,8,0001020304050607
1518562522.00756,2016,False,False,False,8,0001020304050607
1518562522.007796,2016,False,False,False,8,0001020304050607
1518562522.007998,2016,False,False,False,8,0001020304050607
1518562522.008219,2016,False,False,False,8,0001020304050607
1518562522.008436,2016,False,False,False,8,0001020304050607
1518562522.008614,2016,False,False,False,8,0001020304050607
1518562522.012241,2016,False,False,False,8,0001020304050607
1518562522.012697,2016,False,False,False,8,0001020304050607
1518562522.013075,2016,False,False,False,8,0001020304050607
1518562522.013281,2016,False,False,False,8,0001020304050607
1518562522.013468,2016,False,False,False,8,0001020304050607
1518562522.013601,2016,False,False,False,8,0001020304050607
1518562522.013741,2016,False,False,False,8,0001020304050607
1518562522.01387,2016,False,False,False,8,0001020304050607
1518562522.014,2016,False,False,False,8,0001020304050607
1518562522.014134,2016,False,False,False,8,0001020304050607
1518562522.014275,2016,False,False,False,8,0001020304050607
1518562522.014409,2016,False,False,False,8,0001020304050607
1518562522.014545,2016,False,False,False,8,0001020304050607
1518562522.014725,2016,False,False,False,8,0001020304050607
1518562522.014966,2016,False,False,False,8,0001020304050607
1518562522.015177,2016,False,False,False,8,0001020304050607
1518562522.015407,2016,False,False,False,8,0001020304050607
1518562522.015627,2016,False,False,False,8,0001020304050607
1518562522.01912,2016,False,False,False,8,0001020304050607
1518562522.019509,2016,False,False,False,8,0001020304050607
1518562522.019842,2016,False,False,False,8,0001020304050607
1518562522.020045,2016,False,False,False,8,0001020304050607
1518562522.020196,2016,False,False,False,8,0001020304050607
1518562522.020387,2016,False,False,False,8,0001020304050607
1518562522.020584,2016,False,False,False,8,0001020304050607
1518562522.020718,2016,False,False,False,8,0001020304050607
1518562522.020848,2016,False,False,False,8,0001020304050607
1518562522.020978,2016,False,False,False,8,0001020304050607
1518562522.021104,2016,False,False,False,8,0001020304050607
1518562522.021233,2016,False,False,False,8,0001020304050607
1518562522.025864,2016,False,False,False,8,0001020304050607
1518562522.03228,2016,False,False,False,8,0001020304050607
1518562522.038637,2016,False,False,False,8,0001020304050607
1518562522.044521,2016,False,False,False,8,0001020304050607
1518562522.050397,2016,False,False,False,8,0001020304050607
1518562522.055985,2016,False,False,False,8,0001020304050607
1518562522.061568,2016,False,False,False,8,0001020304050607
1518562522.067209,2016,False,False,False,8,0001020304050607
1518562522.072244,2016,False,False,False,8,0001020304050607
1518562522.077262,2016,False,False,False,8,0001020304050607
1518562522.082124,2016,False,False,False,8,0001020304050607
1518562522.0875,2016,False,False,False,8,0001020304050607
1518562522.092444,2016,False,False,False,8,0001020304050607
1518562522.097619,2016,False,False,False,8,0001020304050607
1518562522.10298,2016,False,False,False,8,0001020304050607
1518562522.107896,2016,False,False,False,8,0001020304050607
1518562522.113249,2016,False,False,False,8,0001020304050607
1518562522.118572,2016,False,False,False,8,0001020304050607
1518562521.978002,2016,False,False,False,8,0001020304050607
1518562521.978128,2016,False,False,False,8,0001020304050607
1518562521.978253,2016,False,False,False,8,0001020304050607
1518562521.978381,2016,False,False,False,8,0001020304050607
1518562521.978508,2016,False,False,False,8,0001020304050607
1518562521.978639,2016,False,False,False,8,0001020304050607
1518562521.978841,2016,False,False,False,8,0001020304050607
1518562521.979085,2016,False,False,False,8,0001020304050607
1518562521.979346,2016,False,False,False,8,0001020304050607
1518562521.979564,2016,False,False,False,8,0001020304050607
1518562521.979755,2016,False,False,False,8,0001020304050607
1518562521.984132,2016,False,False,False,8,0001020304050607
1518562521.984437,2016,False,False,False,8,0001020304050607
1518562521.984673,2016,False,False,False,8,0001020304050607
1518562521.984833,2016,False,False,False,8,0001020304050607
1518562521.984965,2016,False,False,False,8,0001020304050607
1518562521.985097,2016,False,False,False,8,0001020304050607
1518562521.985224,2016,False,False,False,8,0001020304050607
1518562521.985356,2016,False,False,False,8,0001020304050607
1518562521.985492,2016,False,False,False,8,0001020304050607
1518562521.985618,2016,False,False,False,8,0001020304050607
1518562521.985745,2016,False,False,False,8,0001020304050607
1518562521.985873,2016,False,False,False,8,0001020304050607
1518562521.986009,2016,False,False,False,8,0001020304050607
1518562521.986176,2016,False,False,False,8,0001020304050607
1518562521.986409,2016,False,False,False,8,0001020304050607
1518562521.986665,2016,False,False,False,8,0001020304050607
1518562521.98689,2016,False,False,False,8,0001020304050607
1518562521.987096,2016,False,False,False,8,0001020304050607
1518562521.987261,2016,False,False,False,8,0001020304050607
1518562521.991164,2016,False,False,False,8,0001020304050607
1518562521.991466,2016,False,False,False,8,0001020304050607
1518562521.991692,2016,False,False,False,8,0001020304050607
1518562521.991886,2016,False,False,False,8,0001020304050607
1518562521.992024,2016,False,False,False,8,0001020304050607
1518562521.99216,2016,False,False,False,8,0001020304050607
1518562521.992292,2016,False,False,False,8,0001020304050607
1518562521.992424,2016,False,False,False,8,0001020304050607
1518562521.992555,2016,False,False,False,8,0001020304050607
1518562521.992689,2016,False,False,False,8,0001020304050607
1518562521.992904,2016,False,False,False,8,0001020304050607
1518562521.993037,2016,False,False,False,8,0001020304050607
1518562521.99317,2016,False,False,False,8,0001020304050607
1518562521.993324,2016,False,False,False,8,0001020304050607
1518562521.993517,2016,False,False,False,8,0001020304050607
1518562521.993724,2016,False,False,False,8,0001020304050607
1518562521.993945,2016,False,False,False,8,0001020304050607
1518562521.994156,2016,False,False,False,8,0001020304050607
1518562521.994332,2016,False,False,False,8,0001020304050607
1518562521.998534,2016,False,False,False,8,0001020304050607
1518562521.998828,2016,False,False,False,8,0001020304050607
1518562521.999039,2016,False,False,False,8,0001020304050607
1518562521.999222,2016,False,False,False,8,0001020304050607
1518562521.999363,2016,False,False,False,8,0001020304050607
1518562521.999494,2016,False,False,False,8,0001020304050607
1518562521.99963,2016,False,False,False,8,0001020304050607
1518562521.999758,2016,False,False,False,8,0001020304050607
1518562521.999892,2016,False,False,False,8,0001020304050607
1518562522.00002,2016,False,False,False,8,0001020304050607
1518562522.00015,2016,False,False,False,8,0001020304050607
1518562522.000282,2016,False,False,False,8,0001020304050607
1518562522.000411,2016,False,False,False,8,0001020304050607
1518562522.000559,2016,False,False,False,8,0001020304050607
1518562522.000771,2016,False,False,False,8,0001020304050607
1518562522.000983,2016,False,False,False,8,0001020304050607
1518562522.001233,2016,False,False,False,8,0001020304050607
1518562522.001443,2016,False,False,False,8,0001020304050607
1518562522.001618,2016,False,False,False,8,0001020304050607
1518562522.005436,2016,False,False,False,8,0001020304050607
1518562522.005722,2016,False,False,False,8,0001020304050607
1518562522.005942,2016,False,False,False,8,0001020304050607
1518562522.006108,2016,False,False,False,8,0001020304050607
1518562522.006257,2016,False,False,False,8,0001020304050607
1518562522.006453,2016,False,False,False,8,0001020304050607
1518562522.006612,2016,False,False,False,8,0001020304050607
1518562522.006741,2016,False,False,False,8,0001020304050607
1518562522.006868,2016,False,False,False,8,0001020304050607
1518562522.006993,2016,False,False,False,8,0001020304050607
1518562522.007124,2016,False,False,False,8,0001020304050607
1518562522.00725,2016,False,False,False,8,0001020304050607
1518562522.007381,2016,False,False,False,8,0001020304050607
1518562522.00756,2016,False,False,False,8,0001020304050607
1518562522.007796,2016,False,False,False,8,0001020304050607
1518562522.007998,2016,False,False,False,8,0001020304050607
1518562522.008219,2016,False,False,False,8,0001020304050607
1518562522.008436,2016,False,False,False,8,0001020304050607
1518562522.008614,2016,False,False,False,8,0001020304050607
1518562522.012241,2016,False,False,False,8,0001020304050607
1518562522.012697,2016,False,False,False,8,0001020304050607
1518562522.013075,2016,False,False,False,8,0001020304050607
1518562522.013281,2016,False,False,False,8,0001020304050607
1518562522.013468,2016,False,False,False,8,0001020304050607
1518562522.013601,2016,False,False,False,8,0001020304050607
1518562522.013741,2016,False,False,False,8,0001020304050607
1518562522.01387,2016,False,False,False,8,0001020304050607
1518562522.014,2016,False,False,False,8,0001020304050607
1518562522.014134,2016,False,False,False,8,0001020304050607
1518562522.014275,2016,False,False,False,8,0001020304050607
1518562522.014409,2016,False,False,False,8,0001020304050607
1518562522.014545,2016,False,False,False,8,0001020304050607
1518562522.014725,2016,False,False,False,8,0001020304050607
1518562522.014966,2016,False,False,False,8,0001020304050607
1518562522.015177,2016,False,False,False,8,0001020304050607
1518562522.015407,2016,False,False,False,8,0001020304050607
1518562522.015627,2016,False,False,False,8,0001020304050607
1518562522.01912,2016,False,False,False,8,0001020304050607
1518562522.019509,2016,False,False,False,8,0001020304050607
1518562522.019842,2016,False,False,False,8,0001020304050607
1518562522.020045,2016,False,False,False,8,0001020304050607
1518562522.020196,2016,False,False,False,8,0001020304050607
1518562522.020387,2016,False,False,False,8,0001020304050607
1518562522.020584,2016,False,False,False,8,0001020304050607
1518562522.020718,2016,False,False,False,8,0001020304050607
1518562522.020848,2016,False,False,False,8,0001020304050607
1518562522.020978,2016,False,False,False,8,0001020304050607
1518562522.021104,2016,False,False,False,8,0001020304050607
1518562522.021233,2016,False,False,False,8,0001020304050607
1518562522.025864,2016,False,False,False,8,0001020304050607
1518562522.03228,2016,False,False,False,8,0001020304050607
1518562522.038637,2016,False,False,False,8,0001020304050607
1518562522.044521,2016,False,False,False,8,0001020304050607
1518562522.050397,2016,False,False,False,8,0001020304050607
1518562522.055985,2016,False,False,False,8,0001020304050607
1518562522.061568,2016,False,False,False,8,0001020304050607
1518562522.067209,2016,False,False,False,8,0001020304050607
1518562522.072244,2016,False,False,False,8,0001020304050607
1518562522.077262,2016,False,False,False,8,0001020304050607
1518562522.082124,2016,False,False,False,8,0001020304050607
1518562522.0875,2016,False,False,False,8,0001020304050607
1518562522.092444,2016,False,False,False,8,0001020304050607
1518562522.097619,2016,False,False,False,8,0001020304050607
1518562522.10298,2016,False,False,False,8,0001020304050607
1518562522.107896,2016,False,False,False,8,0001020304050607
1518562522.113249,2016,False,False,False,8,0001020304050607
1518562522.118572,2016,False,False,False,8,0001020304050607
1518562522.123524,2016,False,False,False,8,0001020304050607
1518562522.128688,2016,False,False,False,8,0001020304050607
1518562522.133946,2016,False,False,False,8,0001020304050607
1518562522.139058,2016,False,False,False,8,0001020304050607
1518562522.144229,2016,False,False,False,8,0001020304050607
1518562522.149388,2016,False,False,False,8,0001020304050607
1518562522.154607,2016,False,False,False,8,0001020304050607
1518562522.159494,2016,False,False,False,8,0001020304050607
1518562522.164986,2016,False,False,False,8,0001020304050607
1518562522.169894,2016,False,False,False,8,0001020304050607
1518562522.175116,2016,False,False,False,8,0001020304050607
1518562522.180395,2016,False,False,False,8,0001020304050607
1518562522.185693,2016,False,False,False,8,0001020304050607
1518562522.190569,2016,False,False,False,8,0001020304050607
1518562522.195879,2016,False,False,False,8,0001020304050607
1518562522.200939,2016,False,False,False,8,0001020304050607
1518562522.206144,2016,False,False,False,8,0001020304050607
1518562522.211221,2016,False,False,False,8,0001020304050607
1518562522.21659,2016,False,False,False,8,0001020304050607
1518562522.221525,2016,False,False,False,8,0001020304050607
1518562522.22677,2016,False,False,False,8,0001020304050607
1518562522.231817,2016,False,False,False,8,0001020304050607
1518562522.237239,2016,False,False,False,8,0001020304050607
1518562522.242074,2016,False,False,False,8,0001020304050607
1518562522.247518,2016,False,False,False,8,0001020304050607
1518562522.252728,2016,False,False,False,8,0001020304050607
1518562522.25784,2016,False,False,False,8,0001020304050607
1518562522.26334,2016,False,False,False,8,0001020304050607
1518562522.268205,2016,False,False,False,8,0001020304050607
1518562522.273384,2016,False,False,False,8,0001020304050607
1518562522.27846,2016,False,False,False,8,0001020304050607
1518562522.28375,2016,False,False,False,8,0001020304050607
1518562522.288948,2016,False,False,False,8,0001020304050607
1518562522.294108,2016,False,False,False,8,0001020304050607
1518562522.299373,2016,False,False,False,8,0001020304050607
1518562522.304799,2016,False,False,False,8,0001020304050607
1518562522.309525,2016,False,False,False,8,0001020304050607
1518562522.315056,2016,False,False,False,8,0001020304050607
1518562522.320322,2016,False,False,False,8,0001020304050607
1518562522.325352,2016,False,False,False,8,0001020304050607
1518562522.33058,2016,False,False,False,8,0001020304050607
1518562522.335836,2016,False,False,False,8,0001020304050607
1518562522.340976,2016,False,False,False,8,0001020304050607
1518562522.346052,2016,False,False,False,8,0001020304050607
1518562522.351333,2016,False,False,False,8,0001020304050607
1518562522.356609,2016,False,False,False,8,0001020304050607
1518562522.361668,2016,False,False,False,8,0001020304050607
1518562522.366834,2016,False,False,False,8,0001020304050607
1518562522.372073,2016,False,False,False,8,0001020304050607
1518562522.377117,2016,False,False,False,8,0001020304050607
1518562522.382371,2016,False,False,False,8,0001020304050607
1518562522.387858,2016,False,False,False,8,0001020304050607
1518562522.392735,2016,False,False,False,8,0001020304050607
1518562522.398061,2016,False,False,False,8,0001020304050607
1518562522.403499,2016,False,False,False,8,0001020304050607
1518562522.408223,2016,False,False,False,8,0001020304050607
1518562522.413486,2016,False,False,False,8,0001020304050607
1518562522.418748,2016,False,False,False,8,0001020304050607
1518562522.423859,2016,False,False,False,8,0001020304050607
1518562522.429115,2016,False,False,False,8,0001020304050607
1518562522.434358,2016,False,False,False,8,0001020304050607
1518562522.439357,2016,False,False,False,8,0001020304050607
1518562522.444565,2016,False,False,False,8,0001020304050607
1518562522.449663,2016,False,False,False,8,0001020304050607
1518562522.455116,2016,False,False,False,8,0001020304050607
1518562522.459935,2016,False,False,False,8,0001020304050607
1518562522.465298,2016,False,False,False,8,0001020304050607
1518562522.470536,2016,False,False,False,8,0001020304050607
1518562522.476044,2016,False,False,False,8,0001020304050607
1518562522.481127,2016,False,False,False,8,0001020304050607
1518562522.486267,2016,False,False,False,8,0001020304050607
1518562522.491014,2016,False,False,False,8,0001020304050607
1518562522.496534,2016,False,False,False,8,0001020304050607
1518562522.501778,2016,False,False,False,8,0001020304050607
1518562522.50675,2016,False,False,False,8,0001020304050607
1518562522.511655,2016,False,False,False,8,0001020304050607
1518562522.517145,2016,False,False,False,8,0001020304050607
1518562522.522115,2016,False,False,False,8,0001020304050607
1518562522.527241,2016,False,False,False,8,0001020304050607
1518562522.532238,2016,False,False,False,8,0001020304050607
1518562522.537727,2016,False,False,False,8,0001020304050607
1518562522.542611,2016,False,False,False,8,0001020304050607
1518562522.547991,2016,False,False,False,8,0001020304050607
1518562522.553224,2016,False,False,False,8,0001020304050607
1518562522.558213,2016,False,False,False,8,0001020304050607
1518562522.563478,2016,False,False,False,8,0001020304050607
1518562522.568538,2016,False,False,False,8,0001020304050607
1518562522.573594,2016,False,False,False,8,0001020304050607
1518562522.578747,2016,False,False,False,8,0001020304050607
1518562522.583973,2016,False,False,False,8,0001020304050607
1518562522.589144,2016,False,False,False,8,0001020304050607
1518562522.594227,2016,False,False,False,8,0001020304050607
1518562522.599284,2016,False,False,False,8,0001020304050607
1518562522.604715,2016,False,False,False,8,0001020304050607
1518562522.60944,2016,False,False,False,8,0001020304050607
1518562522.614975,2016,False,False,False,8,0001020304050607
1518562522.620439,2016,False,False,False,8,0001020304050607
1518562522.625134,2016,False,False,False,8,0001020304050607
1518562522.630306,2016,False,False,False,8,0001020304050607
1518562522.635728,2016,False,False,False,8,0001020304050607
1518562522.64076,2016,False,False,False,8,0001020304050607
1518562522.646064,2016,False,False,False,8,0001020304050607
1518562522.651239,2016,False,False,False,8,0001020304050607
1518562522.656139,2016,False,False,False,8,0001020304050607
1518562522.661328,2016,False,False,False,8,0001020304050607
1518562522.666471,2016,False,False,False,8,0001020304050607
1518562522.671806,2016,False,False,False,8,0001020304050607
1518562522.676847,2016,False,False,False,8,0001020304050607
1518562522.682149,2016,False,False,False,8,0001020304050607
1518562522.687475,2016,False,False,False,8,0001020304050607
1518562522.692498,2016,False,False,False,8,0001020304050607
1518562522.697692,2016,False,False,False,8,0001020304050607
1518562522.702875,2016,False,False,False,8,0001020304050607
1518562522.708119,2016,False,False,False,8,0001020304050607
1518562522.713338,2016,False,False,False,8,0001020304050607
1518562522.718315,2016,False,False,False,8,0001020304050607
1518562522.723713,2016,False,False,False,8,0001020304050607
1518562522.728777,2016,False,False,False,8,0001020304050607
1518562522.734171,2016,False,False,False,8,0001020304050607
1518562522.739201,2016,False,False,False,8,0001020304050607
1518562522.744478,2016,False,False,False,8,0001020304050607
1518562522.74967,2016,False,False,False,8,0001020304050607
1518562522.754971,2016,False,False,False,8,0001020304050607
1518562522.759729,2016,False,False,False,8,0001020304050607
1518562522.76524,2016,False,False,False,8,0001020304050607
1518562522.770388,2016,False,False,False,8,0001020304050607
1518562522.775505,2016,False,False,False,8,0001020304050607
1518562522.780702,2016,False,False,False,8,0001020304050607
1518562522.785916,2016,False,False,False,8,0001020304050607
1518562522.791015,2016,False,False,False,8,0001020304050607
1518562522.796257,2016,False,False,False,8,0001020304050607
1518562522.801409,2016,False,False,False,8,0001020304050607
1518562522.815964,2016,False,False,False,8,0001020304050607
1518562522.820404,2016,False,False,False,8,0001020304050607
1518562522.825523,2016,False,False,False,8,0001020304050607
1518562522.123524,2016,False,False,False,8,0001020304050607
1518562522.128688,2016,False,False,False,8,0001020304050607
1518562522.133946,2016,False,False,False,8,0001020304050607
1518562522.139058,2016,False,False,False,8,0001020304050607
1518562522.144229,2016,False,False,False,8,0001020304050607
1518562522.149388,2016,False,False,False,8,0001020304050607
1518562522.154607,2016,False,False,False,8,0001020304050607
1518562522.159494,2016,False,False,False,8,0001020304050607
1518562522.164986,2016,False,False,False,8,0001020304050607
1518562522.169894,2016,False,False,False,8,0001020304050607
1518562522.175116,2016,False,False,False,8,0001020304050607
1518562522.180395,2016,False,False,False,8,0001020304050607
1518562522.185693,2016,False,False,False,8,0001020304050607
1518562522.190569,2016,False,False,False,8,0001020304050607
1518562522.195879,2016,False,False,False,8,0001020304050607
1518562522.200939,2016,False,False,False,8,0001020304050607
1518562522.206144,2016,False,False,False,8,0001020304050607
1518562522.211221,2016,False,False,False,8,0001020304050607
1518562522.21659,2016,False,False,False,8,0001020304050607
1518562522.221525,2016,False,False,False,8,0001020304050607
1518562522.22677,2016,False,False,False,8,0001020304050607
1518562522.231817,2016,False,False,False,8,0001020304050607
1518562522.237239,2016,False,False,False,8,0001020304050607
1518562522.242074,2016,False,False,False,8,0001020304050607
1518562522.247518,2016,False,False,False,8,0001020304050607
1518562522.252728,2016,False,False,False,8,0001020304050607
1518562522.25784,2016,False,False,False,8,0001020304050607
1518562522.26334,2016,False,False,False,8,0001020304050607
1518562522.268205,2016,False,False,False,8,0001020304050607
1518562522.273384,2016,False,False,False,8,0001020304050607
1518562522.27846,2016,False,False,False,8,0001020304050607
1518562522.28375,2016,False,False,False,8,0001020304050607
1518562522.288948,2016,False,False,False,8,0001020304050607
1518562522.294108,2016,False,False,False,8,0001020304050607
1518562522.299373,2016,False,False,False,8,0001020304050607
1518562522.304799,2016,False,False,False,8,0001020304050607
1518562522.309525,2016,False,False,False,8,0001020304050607
1518562522.315056,2016,False,False,False,8,0001020304050607
1518562522.320322,2016,False,False,False,8,0001020304050607
1518562522.325352,2016,False,False,False,8,0001020304050607
1518562522.33058,2016,False,False,False,8,0001020304050607
1518562522.335836,2016,False,False,False,8,0001020304050607
1518562522.340976,2016,False,False,False,8,0001020304050607
1518562522.346052,2016,False,False,False,8,0001020304050607
1518562522.351333,2016,False,False,False,8,0001020304050607
1518562522.356609,2016,False,False,False,8,0001020304050607
1518562522.361668,2016,False,False,False,8,0001020304050607
1518562522.366834,2016,False,False,False,8,0001020304050607
1518562522.372073,2016,False,False,False,8,0001020304050607
1518562522.377117,2016,False,False,False,8,0001020304050607
1518562522.382371,2016,False,False,False,8,0001020304050607
1518562522.387858,2016,False,False,False,8,0001020304050607
1518562522.392735,2016,False,False,False,8,0001020304050607
1518562522.398061,2016,False,False,False,8,0001020304050607
1518562522.403499,2016,False,False,False,8,0001020304050607
1518562522.408223,2016,False,False,False,8,0001020304050607
1518562522.413486,2016,False,False,False,8,0001020304050607
1518562522.418748,2016,False,False,False,8,0001020304050607
1518562522.423859,2016,False,False,False,8,0001020304050607
1518562522.429115,2016,False,False,False,8,0001020304050607
1518562522.434358,2016,False,False,False,8,0001020304050607
1518562522.439357,2016,False,False,False,8,0001020304050607
1518562522.444565,2016,False,False,False,8,0001020304050607
1518562522.449663,2016,False,False,False,8,0001020304050607
1518562522.455116,2016,False,False,False,8,0001020304050607
1518562522.459935,2016,False,False,False,8,0001020304050607
1518562522.465298,2016,False,False,False,8,0001020304050607
1518562522.470536,2016,False,False,False,8,0001020304050607
1518562522.476044,2016,False,False,False,8,0001020304050607
1518562522.481127,2016,False,False,False,8,0001020304050607
1518562522.486267,2016,False,False,False,8,0001020304050607
1518562522.491014,2016,False,False,False,8,0001020304050607
1518562522.496534,2016,False,False,False,8,0001020304050607
1518562522.501778,2016,False,False,False,8,0001020304050607
1518562522.50675,2016,False,False,False,8,0001020304050607
1518562522.511655,2016,False,False,False,8,0001020304050607
1518562522.517145,2016,False,False,False,8,0001020304050607
1518562522.522115,2016,False,False,False,8,0001020304050607
1518562522.527241,2016,False,False,False,8,0001020304050607
1518562522.532238,2016,False,False,False,8,0001020304050607
1518562522.537727,2016,False,False,False,8,0001020304050607
1518562522.542611,2016,False,False,False,8,0001020304050607
1518562522.547991,2016,False,False,False,8,0001020304050607
1518562522.553224,2016,False,False,False,8,0001020304050607
1518562522.558213,2016,False,False,False,8,0001020304050607
1518562522.563478,2016,False,False,False,8,0001020304050607
1518562522.568538,2016,False,False,False,8,0001020304050607
1518562522.573594,2016,False,False,False,8,0001020304050607
1518562522.578747,2016,False,False,False,8,0001020304050607
1518562522.583973,2016,False,False,False,8,0001020304050607
1518562522.589144,2016,False,False,False,8,0001020304050607
1518562522.594227,2016,False,False,False,8,0001020304050607
1518562522.599284,2016,False,False,False,8,0001020304050607
1518562522.604715,2016,False,False,False,8,0001020304050607
1518562522.60944,2016,False,False,False,8,0001020304050607
1518562522.614975,2016,False,False,False,8,0001020304050607
1518562522.620439,2016,False,False,False,8,0001020304050607
1518562522.625134,2016,False,False,False,8,0001020304050607
1518562522.630306,2016,False,False,False,8,0001020304050607
1518562522.635728,2016,False,False,False,8,0001020304050607
1518562522.64076,2016,False,False,False,8,0001020304050607
1518562522.646064,2016,False,False,False,8,0001020304050607
1518562522.651239,2016,False,False,False,8,0001020304050607
1518562522.656139,2016,False,False,False,8,0001020304050607
1518562522.661328,2016,False,False,False,8,0001020304050607
1518562522.666471,2016,False,False,False,8,0001020304050607
1518562522.671806,2016,False,False,False,8,0001020304050607
1518562522.676847,2016,False,False,False,8,0001020304050607
1518562522.682149,2016,False,False,False,8,0001020304050607
1518562522.687475,2016,False,False,False,8,0001020304050607
1518562522.692498,2016,False,False,False,8,0001020304050607
1518562522.697692,2016,False,False,False,8,0001020304050607
1518562522.702875,2016,False,False,False,8,0001020304050607
1518562522.708119,2016,False,False,False,8,0001020304050607
1518562522.713338,2016,False,False,False,8,0001020304050607
1518562522.718315,2016,False,False,False,8,0001020304050607
1518562522.723713,2016,False,False,False,8,0001020304050607
1518562522.728777,2016,False,False,False,8,0001020304050607
1518562522.734171,2016,False,False,False,8,0001020304050607
1518562522.739201,2016,False,False,False,8,0001020304050607
1518562522.744478,2016,False,False,False,8,0001020304050607
1518562522.74967,2016,False,False,False,8,0001020304050607
1518562522.754971,2016,False,False,False,8,0001020304050607
1518562522.759729,2016,False,False,False,8,0001020304050607
1518562522.76524,2016,False,False,False,8,0001020304050607
1518562522.770388,2016,False,False,False,8,0001020304050607
1518562522.775505,2016,False,False,False,8,0001020304050607
1518562522.780702,2016,False,False,False,8,0001020304050607
1518562522.785916,2016,False,False,False,8,0001020304050607
1518562522.791015,2016,False,False,False,8,0001020304050607
1518562522.796257,2016,False,False,False,8,0001020304050607
1518562522.801409,2016,False,False,False,8,0001020304050607
1518562522.815964,2016,False,False,False,8,0001020304050607
1518562522.820404,2016,False,False,False,8,0001020304050607
1518562522.825523,2016,False,False,False,8,0001020304050607
1518562522.830465,2016,False,False,False,8,0001020304050607
1518562522.836172,2016,False,False,False,8,0001020304050607
1518562522.840752,2016,False,False,False,8,0001020304050607
1518562522.84601,2016,False,False,False,8,0001020304050607
1518562522.851132,2016,False,False,False,8,0001020304050607
1518562522.856582,2016,False,False,False,8,0001020304050607
1518562522.861443,2016,False,False,False,8,0001020304050607
1518562522.867124,2016,False,False,False,8,0001020304050607
1518562522.872033,2016,False,False,False,8,0001020304050607
1518562522.877262,2016,False,False,False,8,0001020304050607
1518562522.882154,2016,False,False,False,8,0001020304050607
1518562522.887669,2016,False,False,False,8,0001020304050607
1518562522.892534,2016,False,False,False,8,0001020304050607
1518562522.897863,2016,False,False,False,8,0001020304050607
1518562522.903219,2016,False,False,False,8,0001020304050607
1518562522.90781,2016,False,False,False,8,0001020304050607
1518562522.913275,2016,False,False,False,8,0001020304050607
1518562522.918417,2016,False,False,False,8,0001020304050607
1518562522.923411,2016,False,False,False,8,0001020304050607
1518562522.928635,2016,False,False,False,8,0001020304050607
1518562522.93375,2016,False,False,False,8,0001020304050607
1518562522.938692,2016,False,False,False,8,0001020304050607
1518562522.943972,2016,False,False,False,8,0001020304050607
1518562522.949048,2016,False,False,False,8,0001020304050607
1518562522.954123,2016,False,False,False,8,0001020304050607
1518562522.959223,2016,False,False,False,8,0001020304050607
1518562522.964258,2016,False,False,False,8,0001020304050607
1518562522.969653,2016,False,False,False,8,0001020304050607
1518562522.974501,2016,False,False,False,8,0001020304050607
1518562522.979816,2016,False,False,False,8,0001020304050607
1518562522.985262,2016,False,False,False,8,0001020304050607
1518562522.990143,2016,False,False,False,8,0001020304050607
1518562522.995488,2016,False,False,False,8,0001020304050607
1518562523.000668,2016,False,False,False,8,0001020304050607
1518562523.005697,2016,False,False,False,8,0001020304050607
1518562523.010661,2016,False,False,False,8,0001020304050607
1518562523.016154,2016,False,False,False,8,0001020304050607
1518562523.021183,2016,False,False,False,8,0001020304050607
1518562523.026338,2016,False,False,False,8,0001020304050607
1518562523.031557,2016,False,False,False,8,0001020304050607
1518562523.036968,2016,False,False,False,8,0001020304050607
1518562523.04162,2016,False,False,False,8,0001020304050607
1518562523.047001,2016,False,False,False,8,0001020304050607
1518562523.052181,2016,False,False,False,8,0001020304050607
1518562523.057112,2016,False,False,False,8,0001020304050607
1518562523.062211,2016,False,False,False,8,0001020304050607
1518562523.067725,2016,False,False,False,8,0001020304050607
1518562523.072658,2016,False,False,False,8,0001020304050607
1518562523.077967,2016,False,False,False,8,0001020304050607
1518562523.083295,2016,False,False,False,8,0001020304050607
1518562523.088524,2016,False,False,False,8,0001020304050607
1518562523.093671,2016,False,False,False,8,0001020304050607
1518562523.098676,2016,False,False,False,8,0001020304050607
1518562523.104243,2016,False,False,False,8,0001020304050607
1518562523.108838,2016,False,False,False,8,0001020304050607
1518562523.114264,2016,False,False,False,8,0001020304050607
1518562523.119543,2016,False,False,False,8,0001020304050607
1518562523.124538,2016,False,False,False,8,0001020304050607
1518562523.12975,2016,False,False,False,8,0001020304050607
1518562523.135068,2016,False,False,False,8,0001020304050607
1518562523.140017,2016,False,False,False,8,0001020304050607
1518562523.145374,2016,False,False,False,8,0001020304050607
1518562523.150638,2016,False,False,False,8,0001020304050607
1518562523.155793,2016,False,False,False,8,0001020304050607
1518562523.160896,2016,False,False,False,8,0001020304050607
1518562523.166197,2016,False,False,False,8,0001020304050607
1518562523.171147,2016,False,False,False,8,0001020304050607
1518562523.176347,2016,False,False,False,8,0001020304050607
1518562523.181623,2016,False,False,False,8,0001020304050607
1518562523.187107,2016,False,False,False,8,0001020304050607
1518562523.192048,2016,False,False,False,8,0001020304050607
1518562523.197331,2016,False,False,False,8,0001020304050607
1518562523.202472,2016,False,False,False,8,0001020304050607
1518562523.207417,2016,False,False,False,8,0001020304050607
1518562523.212722,2016,False,False,False,8,0001020304050607
1518562523.217887,2016,False,False,False,8,0001020304050607
1518562523.223083,2016,False,False,False,8,0001020304050607
1518562523.228047,2016,False,False,False,8,0001020304050607
1518562523.233558,2016,False,False,False,8,0001020304050607
1518562523.238541,2016,False,False,False,8,0001020304050607
1518562523.243685,2016,False,False,False,8,0001020304050607
1518562523.248803,2016,False,False,False,8,0001020304050607
1518562523.254041,2016,False,False,False,8,0001020304050607
1518562523.258971,2016,False,False,False,8,0001020304050607
1518562523.264269,2016,False,False,False,8,0001020304050607
1518562523.269294,2016,False,False,False,8,0001020304050607
1518562523.274127,2016,False,False,False,8,0001020304050607
1518562523.279213,2016,False,False,False,8,0001020304050607
1518562523.284724,2016,False,False,False,8,0001020304050607
1518562523.28965,2016,False,False,False,8,0001020304050607
1518562523.294912,2016,False,False,False,8,0001020304050607
1518562523.299981,2016,False,False,False,8,0001020304050607
1518562523.305273,2016,False,False,False,8,0001020304050607
1518562523.310082,2016,False,False,False,8,0001020304050607
1518562523.315554,2016,False,False,False,8,0001020304050607
1518562523.320762,2016,False,False,False,8,0001020304050607
1518562523.326102,2016,False,False,False,8,0001020304050607
1518562523.331247,2016,False,False,False,8,0001020304050607
1518562523.336673,2016,False,False,False,8,0001020304050607
1518562523.341174,2016,False,False,False,8,0001020304050607
1518562523.346481,2016,False,False,False,8,0001020304050607
1518562523.351707,2016,False,False,False,8,0001020304050607
1518562523.356847,2016,False,False,False,8,0001020304050607
1518562523.361977,2016,False,False,False,8,0001020304050607
1518562523.367227,2016,False,False,False,8,0001020304050607
1518562523.372119,2016,False,False,False,8,0001020304050607
1518562523.377416,2016,False,False,False,8,0001020304050607
1518562523.382665,2016,False,False,False,8,0001020304050607
1518562523.387845,2016,False,False,False,8,0001020304050607
1518562523.392931,2016,False,False,False,8,0001020304050607
1518562523.397977,2016,False,False,False,8,0001020304050607
1518562523.403347,2016,False,False,False,8,0001020304050607
1518562523.408176,2016,False,False,False,8,0001020304050607
1518562523.413428,2016,False,False,False,8,0001020304050607
1518562523.418708,2016,False,False,False,8,0001020304050607
1518562523.423774,2016,False,False,False,8,0001020304050607
1518562523.428853,2016,False,False,False,8,0001020304050607
1518562523.434097,2016,False,False,False,8,0001020304050607
1518562523.439216,2016,False,False,False,8,0001020304050607
1518562523.444335,2016,False,False,False,8,0001020304050607
1518562523.449565,2016,False,False,False,8,0001020304050607
1518562523.454689,2016,False,False,False,8,0001020304050607
1518562523.459628,2016,False,False,False,8,0001020304050607
1518562523.464916,2016,False,False,False,8,0001020304050607
1518562523.470034,2016,False,False,False,8,0001020304050607
1518562523.475119,2016,False,False,False,8,0001020304050607
1518562523.480399,2016,False,False,False,8,0001020304050607
1518562523.485604,2016,False,False,False,8,0001020304050607
1518562523.490482,2016,False,False,False,8,0001020304050607
1518562523.495829,2016,False,False,False,8,0001020304050607
1518562523.501087,2016,False,False,False,8,0001020304050607
1518562523.506131,2016,False,False,False,8,0001020304050607
1518562523.511235,2016,False,False,False,8,0001020304050607
1518562523.516515,2016,False,False,False,8,0001020304050607
1518562523.521649,2016,False,False,False,8,0001020304050607
1518562522.830465,2016,False,False,False,8,0001020304050607
1518562522.836172,2016,False,False,False,8,0001020304050607
1518562522.840752,2016,False,False,False,8,0001020304050607
1518562522.84601,2016,False,False,False,8,0001020304050607
1518562522.851132,2016,False,False,False,8,0001020304050607
1518562522.856582,2016,False,False,False,8,0001020304050607
1518562522.861443,2016,False,False,False,8,0001020304050607
1518562522.867124,2016,False,False,False,8,0001020304050607
1518562522.872033,2016,False,False,False,8,0001020304050607
1518562522.877262,2016,False,False,False,8,0001020304050607
1518562522.882154,2016,False,False,False,8,0001020304050607
1518562522.887669,2016,False,False,False,8,0001020304050607
1518562522.892534,2016,False,False,False,8,0001020304050607
1518562522.897863,2016,False,False,False,8,0001020304050607
1518562522.903219,2016,False,False,False,8,0001020304050607
1518562522.90781,2016,False,False,False,8,0001020304050607
1518562522.913275,2016,False,False,False,8,0001020304050607
1518562522.918417,2016,False,False,False,8,0001020304050607
1518562522.923411,2016,False,False,False,8,0001020304050607
1518562522.928635,2016,False,False,False,8,0001020304050607
1518562522.93375,2016,False,False,False,8,0001020304050607
1518562522.938692,2016,False,False,False,8,0001020304050607
1518562522.943972,2016,False,False,False,8,0001020304050607
1518562522.949048,2016,False,False,False,8,0001020304050607
1518562522.954123,2016,False,False,False,8,0001020304050607
1518562522.959223,2016,False,False,False,8,0001020304050607
1518562522.964258,2016,False,False,False,8,0001020304050607
1518562522.969653,2016,False,False,False,8,0001020304050607
1518562522.974501,2016,False,False,False,8,0001020304050607
1518562522.979816,2016,False,False,False,8,0001020304050607
1518562522.985262,2016,False,False,False,8,0001020304050607
1518562522.990143,2016,False,False,False,8,0001020304050607
1518562522.995488,2016,False,False,False,8,0001020304050607
1518562523.000668,2016,False,False,False,8,0001020304050607
1518562523.005697,2016,False,False,False,8,0001020304050607
1518562523.010661,2016,False,False,False,8,0001020304050607
1518562523.016154,2016,False,False,False,8,0001020304050607
1518562523.021183,2016,False,False,False,8,0001020304050607
1518562523.026338,2016,False,False,False,8,0001020304050607
1518562523.031557,2016,False,False,False,8,0001020304050607
1518562523.036968,2016,False,False,False,8,0001020304050607
1518562523.04162,2016,False,False,False,8,0001020304050607
1518562523.047001,2016,False,False,False,8,0001020304050607
1518562523.052181,2016,False,False,False,8,0001020304050607
1518562523.057112,2016,False,False,False,8,0001020304050607
1518562523.062211,2016,False,False,False,8,0001020304050607
1518562523.067725,2016,False,False,False,8,0001020304050607
1518562523.072658,2016,False,False,False,8,0001020304050607
1518562523.077967,2016,False,False,False,8,0001020304050607
1518562523.083295,2016,False,False,False,8,0001020304050607
1518562523.088524,2016,False,False,False,8,0001020304050607
1518562523.093671,2016,False,False,False,8,0001020304050607
1518562523.098676,2016,False,False,False,8,0001020304050607
1518562523.104243,2016,False,False,False,8,0001020304050607
1518562523.108838,2016,False,False,False,8,0001020304050607
1518562523.114264,2016,False,False,False,8,0001020304050607
1518562523.119543,2016,False,False,False,8,0001020304050607
1518562523.124538,2016,False,False,False,8,0001020304050607
1518562523.12975,2016,False,False,False,8,0001020304050607
1518562523.135068,2016,False,False,False,8,0001020304050607
1518562523.140017,2016,False,False,False,8,0001020304050607
1518562523.145374,2016,False,False,False,8,0001020304050607
1518562523.150638,2016,False,False,False,8,0001020304050607
1518562523.155793,2016,False,False,False,8,0001020304050607
1518562523.160896,2016,False,False,False,8,0001020304050607
1518562523.166197,2016,False,False,False,8,0001020304050607
1518562523.171147,2016,False,False,False,8,0001020304050607
1518562523.176347,2016,False,False,False,8,0001020304050607
1518562523.181623,2016,False,False,False,8,0001020304050607
1518562523.187107,2016,False,False,False,8,0001020304050607
1518562523.192048,2016,False,False,False,8,0001020304050607
1518562523.197331,2016,False,False,False,8,0001020304050607
1518562523.202472,2016,False,False,False,8,0001020304050607
1518562523.207417,2016,False,False,False,8,0001020304050607
1518562523.212722,2016,False,False,False,8,0001020304050607
1518562523.217887,2016,False,False,False,8,0001020304050607
1518562523.223083,2016,False,False,False,8,0001020304050607
1518562523.228047,2016,False,False,False,8,0001020304050607
1518562523.233558,2016,False,False,False,8,0001020304050607
1518562523.238541,2016,False,False,False,8,0001020304050607
1518562523.243685,2016,False,False,False,8,0001020304050607
1518562523.248803,2016,False,False,False,8,0001020304050607
1518562523.254041,2016,False,False,False,8,0001020304050607
1518562523.258971,2016,False,False,False,8,0001020304050607
1518562523.264269,2016,False,False,False,8,0001020304050607
1518562523.269294,2016,False,False,False,8,0001020304050607
1518562523.274127,2016,False,False,False,8,0001020304050607
1518562523.279213,2016,False,False,False,8,0001020304050607
1518562523.284724,2016,False,False,False,8,0001020304050607
1518562523.28965,2016,False,False,False,8,0001020304050607
1518562523.294912,2016,False,False,False,8,0001020304050607
1518562523.299981,2016,False,False,False,8,0001020304050607
1518562523.305273,2016,False,False,False,8,0001020304050607
1518562523.310082,2016,False,False,False,8,0001020304050607
1518562523.315554,2016,False,False,False,8,0001020304050607
1518562523.320762,2016,False,False,False,8,0001020304050607
1518562523.326102,2016,False,False,False,8,0001020304050607
1518562523.331247,2016,False,False,False,8,0001020304050607
1518562523.336673,2016,False,False,False,8,0001020304050607
1518562523.341174,2016,False,False,False,8,0001020304050607
1518562523.346481,2016,False,False,False,8,0001020304050607
1518562523.351707,2016,False,False,False,8,0001020304050607
1518562523.356847,2016,False,False,False,8,0001020304050607
1518562523.361977,2016,False,False,False,8,0001020304050607
1518562523.367227,2016,False,False,False,8,0001020304050607
1518562523.372119,2016,False,False,False,8,0001020304050607
1518562523.377416,2016,False,False,False,8,0001020304050607
1518562523.382665,2016,False,False,False,8,0001020304050607
1518562523.387845,2016,False,False,False,8,0001020304050607
1518562523.392931,2016,False,False,False,8,0001020304050607
1518562523.397977,2016,False,False,False,8,0001020304050607
1518562523.403347,2016,False,False,False,8,0001020304050607
1518562523.408176,2016,False,False,False,8,0001020304050607
1518562523.413428,2016,False,False,False,8,0001020304050607
1518562523.418708,2016,False,False,False,8,0001020304050607
1518562523.423774,2016,False,False,False,8,0001020304050607
1518562523.428853,2016,False,False,False,8,0001020304050607
1518562523.434097,2016,False,False,False,8,0001020304050607
1518562523.439216,2016,False,False,False,8,0001020304050607
1518562523.444335,2016,False,False,False,8,0001020304050607
1518562523.449565,2016,False,False,False,8,0001020304050607
1518562523.454689,2016,False,False,False,8,0001020304050607
1518562523.459628,2016,False,False,False,8,0001020304050607
1518562523.464916,2016,False,False,False,8,0001020304050607
1518562523.470034,2016,False,False,False,8,0001020304050607
1518562523.475119,2016,False,False,False,8,0001020304050607
1518562523.480399,2016,False,False,False,8,0001020304050607
1518562523.485604,2016,False,False,False,8,0001020304050607
1518562523.490482,2016,False,False,False,8,0001020304050607
1518562523.495829,2016,False,False,False,8,0001020304050607
1518562523.501087,2016,False,False,False,8,0001020304050607
1518562523.506131,2016,False,False,False,8,0001020304050607
1518562523.511235,2016,False,False,False,8,0001020304050607
1518562523.516515,2016,False,False,False,8,0001020304050607
1518562523.521649,2016,False,False,False,8,0001020304050607
1518562523.526616,2016,False,False,False,8,0001020304050607
1518562523.531712,2016,False,False,False,8,0001020304050607
1518562523.537129,2016,False,False,False,8,0001020304050607
1518562523.541901,2016,False,False,False,8,0001020304050607
1518562523.54728,2016,False,False,False,8,0001020304050607
1518562523.55242,2016,False,False,False,8,0001020304050607
1518562523.557417,2016,False,False,False,8,0001020304050607
1518562523.56274,2016,False,False,False,8,0001020304050607
1518562523.568035,2016,False,False,False,8,0001020304050607
1518562523.573068,2016,False,False,False,8,0001020304050607
1518562523.578348,2016,False,False,False,8,0001020304050607
1518562523.583566,2016,False,False,False,8,0001020304050607
1518562523.588506,2016,False,False,False,8,0001020304050607
1518562523.59356,2016,False,False,False,8,0001020304050607
1518562523.59848,2016,False,False,False,8,0001020304050607
1518562523.604081,2016,False,False,False,8,0001020304050607
1518562523.608843,2016,False,False,False,8,0001020304050607
1518562523.614201,2016,False,False,False,8,0001020304050607
1518562523.619333,2016,False,False,False,8,0001020304050607
1518562523.624408,2016,False,False,False,8,0001020304050607
1518562523.629553,2016,False,False,False,8,0001020304050607
1518562523.63484,2016,False,False,False,8,0001020304050607
1518562523.639779,2016,False,False,False,8,0001020304050607
1518562523.645096,2016,False,False,False,8,0001020304050607
1518562523.650222,2016,False,False,False,8,0001020304050607
1518562523.655492,2016,False,False,False,8,0001020304050607
1518562523.66045,2016,False,False,False,8,0001020304050607
1518562523.66568,2016,False,False,False,8,0001020304050607
1518562523.670812,2016,False,False,False,8,0001020304050607
1518562523.675872,2016,False,False,False,8,0001020304050607
1518562523.680996,2016,False,False,False,8,0001020304050607
1518562523.68635,2016,False,False,False,8,0001020304050607
1518562523.691254,2016,False,False,False,8,0001020304050607
1518562523.696539,2016,False,False,False,8,0001020304050607
1518562523.701687,2016,False,False,False,8,0001020304050607
1518562523.70675,2016,False,False,False,8,0001020304050607
1518562523.711717,2016,False,False,False,8,0001020304050607
1518562523.717042,2016,False,False,False,8,0001020304050607
1518562523.722138,2016,False,False,False,8,0001020304050607
1518562523.727299,2016,False,False,False,8,0001020304050607
1518562523.732398,2016,False,False,False,8,0001020304050607
1518562523.737713,2016,False,False,False,8,0001020304050607
1518562523.742558,2016,False,False,False,8,0001020304050607
1518562523.74793,2016,False,False,False,8,0001020304050607
1518562523.753397,2016,False,False,False,8,0001020304050607
1518562523.758231,2016,False,False,False,8,0001020304050607
1518562523.763372,2016,False,False,False,8,0001020304050607
1518562523.768547,2016,False,False,False,8,0001020304050607
1518562523.773596,2016,False,False,False,8,0001020304050607
1518562523.778766,2016,False,False,False,8,0001020304050607
1518562523.783867,2016,False,False,False,8,0001020304050607
1518562523.788997,2016,False,False,False,8,0001020304050607
1518562523.794211,2016,False,False,False,8,0001020304050607
1518562523.799308,2016,False,False,False,8,0001020304050607
1518562523.80444,2016,False,False,False,8,0001020304050607
1518562523.809266,2016,False,False,False,8,0001020304050607
1518562523.814634,2016,False,False,False,8,0001020304050607
1518562523.819897,2016,False,False,False,8,0001020304050607
1518562523.824843,2016,False,False,False,8,0001020304050607
1518562523.829847,2016,False,False,False,8,0001020304050607
1518562523.83523,2016,False,False,False,8,0001020304050607
1518562523.839976,2016,False,False,False,8,0001020304050607
1518562523.84531,2016,False,False,False,8,0001020304050607
1518562523.850449,2016,False,False,False,8,0001020304050607
1518562523.855707,2016,False,False,False,8,0001020304050607
1518562523.860483,2016,False,False,False,8,0001020304050607
1518562523.865993,2016,False,False,False,8,0001020304050607
1518562523.87119,2016,False,False,False,8,0001020304050607
1518562523.875995,2016,False,False,False,8,0001020304050607
1518562523.881356,2016,False,False,False,8,0001020304050607
1518562523.886602,2016,False,False,False,8,0001020304050607
1518562523.891564,2016,False,False,False,8,0001020304050607
1518562523.896784,2016,False,False,False,8,0001020304050607
1518562523.901934,2016,False,False,False,8,0001020304050607
1518562523.907072,2016,False,False,False,8,0001020304050607
1518562523.912333,2016,False,False,False,8,0001020304050607
1518562523.917626,2016,False,False,False,8,0001020304050607
1518562523.922591,2016,False,False,False,8,0001020304050607
1518562523.927709,2016,False,False,False,8,0001020304050607
1518562523.932899,2016,False,False,False,8,0001020304050607
1518562523.938093,2016,False,False,False,8,0001020304050607
1518562523.942945,2016,False,False,False,8,0001020304050607
1518562523.948216,2016,False,False,False,8,0001020304050607
1518562523.953418,2016,False,False,False,8,0001020304050607
1518562523.958326,2016,False,False,False,8,0001020304050607
1518562523.963701,2016,False,False,False,8,0001020304050607
1518562523.968554,2016,False,False,False,8,0001020304050607
1518562523.973863,2016,False,False,False,8,0001020304050607
1518562523.979021,2016,False,False,False,8,0001020304050607
1518562523.984271,2016,False,False,False,8,0001020304050607
1518562523.989169,2016,False,False,False,8,0001020304050607
1518562523.994345,2016,False,False,False,8,0001020304050607
1518562523.9996,2016,False,False,False,8,0001020304050607
1518562524.004846,2016,False,False,False,8,0001020304050607
1518562524.009611,2016,False,False,False,8,0001020304050607
1518562524.015004,2016,False,False,False,8,0001020304050607
1518562524.0204,2016,False,False,False,8,0001020304050607
1518562524.02526,2016,False,False,False,8,0001020304050607
1518562524.030562,2016,False,False,False,8,0001020304050607
1518562524.035783,2016,False,False,False,8,0001020304050607
1518562524.040746,2016,False,False,False,8,0001020304050607
1518562524.046058,2016,False,False,False,8,0001020304050607
1518562524.050934,2016,False,False,False,8,0001020304050607
1518562524.05611,2016,False,False,False,8,0001020304050607
1518562524.061145,2016,False,False,False,8,0001020304050607
1518562524.066517,2016,False,False,False,8,0001020304050607
1518562524.071688,2016,False,False,False,8,0001020304050607
1518562524.076841,2016,False,False,False,8,0001020304050607
1518562524.081863,2016,False,False,False,8,0001020304050607
1518562524.087161,2016,False,False,False,8,0001020304050607
1518562524.092144,2016,False,False,False,8,0001020304050607
1518562524.09751,2016,False,False,False,8,0001020304050607
1518562524.102693,2016,False,False,False,8,0001020304050607
1518562524.107675,2016,False,False,False,8,0001020304050607
1518562524.112879,2016,False,False,False,8,0001020304050607
1518562524.118272,2016,False,False,False,8,0001020304050607
1518562524.123355,2016,False,False,False,8,0001020304050607
1518562524.128423,2016,False,False,False,8,0001020304050607
1518562524.133758,2016,False,False,False,8,0001020304050607
1518562524.138847,2016,False,False,False,8,0001020304050607
1518562524.143877,2016,False,False,False,8,0001020304050607
1518562524.149155,2016,False,False,False,8,0001020304050607
1518562524.15457,2016,False,False,False,8,0001020304050607
1518562524.159403,2016,False,False,False,8,0001020304050607
1518562524.164615,2016,False,False,False,8,0001020304050607
1518562524.169964,2016,False,False,False,8,0001020304050607
1518562524.174793,2016,False,False,False,8,0001020304050607
1518562524.179921,2016,False,False,False,8,0001020304050607
1518562524.185462,2016,False,False,False,8,0001020304050607
1518562524.190475,2016,False,False,False,8,0001020304050607
1518562524.195444,2016,False,False,False,8,0001020304050607
1518562524.200407,2016,False,False,False,8,0001020304050607
1518562524.205332,2016,False,False,False,8,0001020304050607
1518562524.210598,2016,False,False,False,8,0001020304050607
1518562524.215904,2016,False,False,False,8,0001020304050607
1518562523.526616,2016,False,False,False,8,0001020304050607
1518562523.531712,2016,False,False,False,8,0001020304050607
1518562523.537129,2016,False,False,False,8,0001020304050607
1518562523.541901,2016,False,False,False,8,0001020304050607
1518562523.54728,2016,False,False,False,8,0001020304050607
1518562523.55242,2016,False,False,False,8,0001020304050607
1518562523.557417,2016,False,False,False,8,0001020304050607
1518562523.56274,2016,False,False,False,8,0001020304050607
1518562523.568035,2016,False,False,False,8,0001020304050607
1518562523.573068,2016,False,False,False,8,0001020304050607
1518562523.578348,2016,False,False,False,8,0001020304050607
1518562523.583566,2016,False,False,False,8,0001020304050607
1518562523.588506,2016,False,False,False,8,0001020304050607
1518562523.59356,2016,False,False,False,8,0001020304050607
1518562523.59848,2016,False,False,False,8,0001020304050607
1518562523.604081,2016,False,False,False,8,0001020304050607
1518562523.608843,2016,False,False,False,8,0001020304050607
1518562523.614201,2016,False,False,False,8,0001020304050607
1518562523.619333,2016,False,False,False,8,0001020304050607
1518562523.624408,2016,False,False,False,8,0001020304050607
1518562523.629553,2016,False,False,False,8,0001020304050607
1518562523.63484,2016,False,False,False,8,0001020304050607
1518562523.639779,2016,False,False,False,8,0001020304050607
1518562523.645096,2016,False,False,False,8,0001020304050607
1518562523.650222,2016,False,False,False,8,0001020304050607
1518562523.655492,2016,False,False,False,8,0001020304050607
1518562523.66045,2016,False,False,False,8,0001020304050607
1518562523.66568,2016,False,False,False,8,0001020304050607
1518562523.670812,2016,False,False,False,8,0001020304050607
1518562523.675872,2016,False,False,False,8,0001020304050607
1518562523.680996,2016,False,False,False,8,0001020304050607
1518562523.68635,2016,False,False,False,8,0001020304050607
1518562523.691254,2016,False,False,False,8,0001020304050607
1518562523.696539,2016,False,False,False,8,0001020304050607
1518562523.701687,2016,False,False,False,8,0001020304050607
1518562523.70675,2016,False,False,False,8,0001020304050607
1518562523.711717,2016,False,False,False,8,0001020304050607
1518562523.717042,2016,False,False,False,8,0001020304050607
1518562523.722138,2016,False,False,False,8,0001020304050607
1518562523.727299,2016,False,False,False,8,0001020304050607
1518562523.732398,2016,False,False,False,8,0001020304050607
1518562523.737713,2016,False,False,False,8,0001020304050607
1518562523.742558,2016,False,False,False,8,0001020304050607
1518562523.74793,2016,False,False,False,8,0001020304050607
1518562523.753397,2016,False,False,False,8,0001020304050607
1518562523.758231,2016,False,False,False,8,0001020304050607
1518562523.763372,2016,False,False,False,8,0001020304050607
1518562523.768547,2016,False,False,False,8,0001020304050607
1518562523.773596,2016,False,False,False,8,0001020304050607
1518562523.778766,2016,False,False,False,8,0001020304050607
1518562523.783867,2016,False,False,False,8,0001020304050607
1518562523.788997,2016,False,False,False,8,0001020304050607
1518562523.794211,2016,False,False,False,8,0001020304050607
1518562523.799308,2016,False,False,False,8,0001020304050607
1518562523.80444,2016,False,False,False,8,0001020304050607
1518562523.809266,2016,False,False,False,8,0001020304050607
1518562523.814634,2016,False,False,False,8,0001020304050607
1518562523.819897,2016,False,False,False,8,0001020304050607
1518562523.824843,2016,False,False,False,8,0001020304050607
1518562523.829847,2016,False,False,False,8,0001020304050607
1518562523.83523,2016,False,False,False,8,0001020304050607
1518562523.839976,2016,False,False,False,8,0001020304050607
1518562523.84531,2016,False,False,False,8,0001020304050607
1518562523.850449,2016,False,False,False,8,0001020304050607
1518562523.855707,2016,False,False,False,8,0001020304050607
1518562523.860483,2016,False,False,False,8,0001020304050607
1518562523.865993,2016,False,False,False,8,0001020304050607
1518562523.87119,2016,False,False,False,8,0001020304050607
1518562523.875995,2016,False,False,False,8,0001020304050607
1518562523.881356,2016,False,False,False,8,0001020304050607
1518562523.886602,2016,False,False,False,8,0001020304050607
1518562523.891564,2016,False,False,False,8,0001020304050607
1518562523.896784,2016,False,False,False,8,0001020304050607
1518562523.901934,2016,False,False,False,8,0001020304050607
1518562523.907072,2016,False,False,False,8,0001020304050607
1518562523.912333,2016,False,False,False,8,0001020304050607
1518562523.917626,2016,False,False,False,8,0001020304050607
1518562523.922591,2016,False,False,False,8,0001020304050607
1518562523.927709,2016,False,False,False,8,0001020304050607
1518562523.932899,2016,False,False,False,8,0001020304050607
1518562523.938093,2016,False,False,False,8,0001020304050607
1518562523.942945,2016,False,False,False,8,0001020304050607
1518562523.948216,2016,False,False,False,8,0001020304050607
1518562523.953418,2016,False,False,False,8,0001020304050607
1518562523.958326,2016,False,False,False,8,0001020304050607
1518562523.963701,2016,False,False,False,8,0001020304050607
1518562523.968554,2016,False,False,False,8,0001020304050607
1518562523.973863,2016,False,False,False,8,0001020304050607
1518562523.979021,2016,False,False,False,8,0001020304050607
1518562523.984271,2016,False,False,False,8,0001020304050607
1518562523.989169,2016,False,False,False,8,0001020304050607
1518562523.994345,2016,False,False,False,8,0001020304050607
1518562523.9996,2016,False,False,False,8,0001020304050607
1518562524.004846,2016,False,False,False,8,0001020304050607
1518562524.009611,2016,False,False,False,8,0001020304050607
1518562524.015004,2016,False,False,False,8,0001020304050607
1518562524.0204,2016,False,False,False,8,0001020304050607
1518562524.02526,2016,False,False,False,8,0001020304050607
1518562524.030562,2016,False,False,False,8,0001020304050607
1518562524.035783,2016,False,False,False,8,0001020304050607
1518562524.040746,2016,False,False,False,8,0001020304050607
1518562524.046058,2016,False,False,False,8,0001020304050607
1518562524.050934,2016,False,False,False,8,0001020304050607
1518562524.05611,2016,False,False,False,8,0001020304050607
1518562524.061145,2016,False,False,False,8,0001020304050607
1518562524.066517,2016,False,False,False,8,0001020304050607
1518562524.071688,2016,False,False,False,8,0001020304050607
1518562524.076841,2016,False,False,False,8,0001020304050607
1518562524.081863,2016,False,False,False,8,0001020304050607
1518562524.087161,2016,False,False,False,8,0001020304050607
1518562524.092144,2016,False,False,False,8,0001020304050607
1518562524.09751,2016,False,False,False,8,0001020304050607
1518562524.102693,2016,False,False,False,8,0001020304050607
1518562524.107675,2016,False,False,False,8,0001020304050607
1518562524.112879,2016,False,False,False,8,0001020304050607
1518562524.118272,2016,False,False,False,8,0001020304050607
1518562524.123355,2016,False,False,False,8,0001020304050607
1518562524.128423,2016,False,False,False,8,0001020304050607
1518562524.133758,2016,False,False,False,8,0001020304050607
1518562524.138847,2016,False,False,False,8,0001020304050607
1518562524.143877,2016,False,False,False,8,0001020304050607
1518562524.149155,2016,False,False,False,8,0001020304050607
1518562524.15457,2016,False,False,False,8,0001020304050607
1518562524.159403,2016,False,False,False,8,0001020304050607
1518562524.164615,2016,False,False,False,8,0001020304050607
1518562524.169964,2016,False,False,False,8,0001020304050607
1518562524.174793,2016,False,False,False,8,0001020304050607
1518562524.179921,2016,False,False,False,8,0001020304050607
1518562524.185462,2016,False,False,False,8,0001020304050607
1518562524.190475,2016,False,False,False,8,0001020304050607
1518562524.195444,2016,False,False,False,8,0001020304050607
1518562524.200407,2016,False,False,False,8,0001020304050607
1518562524.205332,2016,False,False,False,8,0001020304050607
1518562524.210598,2016,False,False,False,8,0001020304050607
1518562524.215904,2016,False,False,False,8,0001020304050607
1518562524.221402,2016,False,False,False,8,0001020304050607
1518562524.226279,2016,False,False,False,8,0001020304050607
1518562524.231717,2016,False,False,False,8,0001020304050607
1518562524.236962,2016,False,False,False,8,0001020304050607
1518562524.241773,2016,False,False,False,8,0001020304050607
1518562524.247209,2016,False,False,False,8,0001020304050607
1518562524.252364,2016,False,False,False,8,0001020304050607
1518562524.257539,2016,False,False,False,8,0001020304050607
1518562524.262527,2016,False,False,False,8,0001020304050607
1518562524.26806,2016,False,False,False,8,0001020304050607
1518562524.272981,2016,False,False,False,8,0001020304050607
1518562524.278235,2016,False,False,False,8,0001020304050607
1518562524.283586,2016,False,False,False,8,0001020304050607
