timestamp, arbitration id, extended, remote, error, dlc, data
1521401112.321361,0x11,1,0,0,8,AJVgZAAP71c=
1521401112.322055,0xc,1,0,0,7,EwISARIiXA==
1521401112.325198,0x10,1,0,0,7,jzqOoxMB4w==
1521401112.326244,0xd,1,0,0,7,AAAFAjIWTw==
1521401112.327373,0x11,1,0,0,8,AJVgZAAP71c=
1521401112.328419,0xc,1,0,0,7,EwISARIiXA==
1521401112.330489,0x80,0,0,0,4,BhUAnw==
1521401112.331482,0x82,0,0,0,8,AA8UAAAUAME=
1521401112.332149,0x81,0,0,0,4,DxQAqA==
1521401112.333181,0x10,1,0,0,7,jzqOoxMB4w==
1521401112.334248,0xd,1,0,0,7,AAAFAjIWTw==
1521401112.335418,0x11,1,0,0,8,AJVgZAAP71c=
1521401112.336426,0xc,1,0,0,7,EwISARIiXA==
1521401112.340089,0x10,1,0,0,7,jzqOoxMB4w==
1521401112.341151,0xd,1,0,0,7,AAAFAjIWTw==
1521401112.342288,0x11,1,0,0,8,AJVgZAAP71c=
1521401112.34333,0xc,1,0,0,7,EwISARIiXA==
1521401112.347556,0x10,1,0,0,7,jzqOoxMB4w==
1521401112.348617,0xd,1,0,0,7,AAAFAjIWTw==
1521401112.349752,0x11,1,0,0,8,AJVgZAAP71c=
1521401112.35079,0xc,1,0,0,7,EwISARIiXA==
1521401112.355017,0x10,1,0,0,7,jzqOoxMB4w==
1521401112.35609,0xd,1,0,0,7,AAAFAjIWTw==
1521401112.357223,0x11,1,0,0,8,AJVgZAAP71c=
1521401112.358272,0xc,1,0,0,7,EwISARIiXA==
1521401112.362495,0x10,1,0,0,7,jzqOoxMB4w==
1521401112.363552,0xd,1,0,0,7,AAAFAjIWTw==
1521401112.364688,0x11,1,0,0,8,AJVgZAAP71c=
1521401112.365728,0xc,1,0,0,7,EwISARIiXA==
1521401112.370451,0x10,1,0,0,7,jzqOoxMB4w==
1521401112.371523,0xd,1,0,0,7,AAAFAjIWTw==
1521401112.372647,0x11,1,0,0,8,AJVgZAAP71c=
1521401112.373683,0xc,1,0,0,7,EwISARIiXA==
1521401112.377389,0x10,1,0,0,7,jzqOoxMB4w==
1521401112.378449,0xd,1,0,0,7,AAAFAjIWTw==
1521401112.379584,0x11,1,0,0,8,AJVgZAAP71c=
1521401112.380622,0xc,1,0,0,7,EwISARIiXA==
1521401112.384853,0x10,1,0,0,7,jzqOoxMB4w==
1521401112.385915,0xd,1,0,0,7,AAAFAjIWTw==
1521401112.387053,0x11,1,0,0,8,AJVgZAAP71c=
1521401112.38809,0xc,1,0,0,7,EwISARIiXA==
1521401112.392305,0x10,1,0,0,7,jzqOoxMB4w==
1521401112.393363,0xd,1,0,0,7,AAAFAjIWTw==
1521401112.394499,0x11,1,0,0,8,AJVgZAAP71c=
1521401112.395544,0xc,1,0,0,7,EwISARIiXA==
1521401112.3998,0x10,1,0,0,7,jzqOoxMB4w==
1521401112.400867,0xd,1,0,0,7,AAAFAjIWTw==
1521401112.402,0x11,1,0,0,8,AJVgZAAP71c=
1521401112.403053,0xc,1,0,0,7,EwISARIiXA==
1521401112.407236,0x10,1,0,0,7,jzqOoxMB4w==
1521401112.4083,0xd,1,0,0,7,AAAFAjIWTw==
1521401112.409459,0x11,1,0,0,8,AJVgZAAP71c=
1521401112.41049,0xc,1,0,0,7,EwISARIiXA==
1521401112.414686,0x10,1,0,0,7,jzqOoxMB4w==
1521401112.415752,0xd,1,0,0,7,AAAFAjIWTw==
1521401112.416883,0x11,1,0,0,8,AJVgZAAP71c=
1521401112.41793,0xc,1,0,0,7,EwISARIiXA==
1521401112.422152,0x10,1,0,0,7,jzqOoxMB4w==
1521401112.423223,0xd,1,0,0,7,AAAFAjIWTw==
1521401112.424346,0x11,1,0,0,8,AJVgZAAP71c=
1521401112.425386,0xc,1,0,0,7,EwISARIiXA==
1521401112.4296,0x10,1,0,0,7,jzqOoxMB4w==
1521401112.430663,0xd,1,0,0,7,AAAFAjIWTw==
1521401112.431798,0x11,1,0,0,8,AJVgZAAP71c=
1521401112.432838,0xc,1,0,0,7,EwISARIiXA==
1521401112.433702,0x80,0,0,0,4,BRIAmw==
1521401112.434675,0x82,0,0,0,8,ABAUAAAUAMI=
1521401112.435339,0x81,0,0,0,4,EBQAqQ==
1521401112.437075,0x10,1,0,0,7,jzqOoxMB4w==
1521401112.438146,0xd,1,0,0,7,AAAFAjIWTw==
1521401112.439289,0x11,1,0,0,8,AJVgZAAP71c=
1521401112.440337,0xc,1,0,0,7,EwISARIiXA==
1521401112.444545,0x10,1,0,0,7,jzqOoxMB4w==
1521401112.445619,0xd,1,0,0,7,AAAFAjIWTw==
1521401112.44676,0x11,1,0,0,8,AJVgZAAP71c=
1521401112.447807,0xc,1,0,0,7,EwISARIiXA==
1521401112.451993,0x10,1,0,0,7,jzqOoxMB4w==
1521401112.453063,0xd,1,0,0,7,AAAFAjIWTw==
1521401112.454207,0x11,1,0,0,8,AJVgZAAP71c=
1521401112.455254,0xc,1,0,0,7,EwISARIiXA==
1521401112.459441,0x10,1,0,0,7,jzqOoxMB4w==
1521401112.460502,0xd,1,0,0,7,AAAFAjIWTw==
1521401112.461637,0x11,1,0,0,8,AJVgZAAP71c=
1521401112.462677,0xc,1,0,0,7,EwISARIiXA==
1521401112.466901,0x10,1,0,0,7,jzqOoxMB4w==
1521401112.467964,0xd,1,0,0,7,AAAFAjIWTw==
1521401112.4691,0x11,1,0,0,8,AJVgZAAP71c=
1521401112.470139,0xc,1,0,0,7,EwISARIiXA==
1521401112.474379,0x10,1,0,0,7,jzqOoxMB4w==
1521401112.475443,0xd,1,0,0,7,AAAFAjIWTw==
1521401112.476578,0x11,1,0,0,8,AJVgZAAP71c=
1521401112.477619,0xc,1,0,0,7,EwISARIiXA==
1521401112.483079,0x10,1,0,0,7,jzqOoxMB4w==
1521401112.484137,0xd,1,0,0,7,AAAFAjIWTw==
1521401112.485273,0x11,1,0,0,8,AJVgZAAP71c=
1521401112.486315,0xc,1,0,0,7,EwISARIiXA==
1521401112.489285,0x10,1,0,0,7,jzqOoxMB4w==
1521401112.490357,0xd,1,0,0,7,AAAFAjIWTw==
1521401112.491492,0x11,1,0,0,8,AJVgZAAP71c=
1521401112.492531,0xc,1,0,0,7,EwISARIiXA==
1521401112.496734,0x10,1,0,0,7,jzqOoxMB4w==
1521401112.497809,0xd,1,0,0,7,AAAFAjIXUA==
1521401112.49895,0x11,1,0,0,8,AJVgZAAP71c=
1521401112.499978,0xc,1,0,0,7,EwISARIiXA==
1521401112.5042,0x10,1,0,0,7,jzqOoxMB4w==
1521401112.505252,0xd,1,0,0,7,AAAFAjIXUA==
1521401112.50639,0x11,1,0,0,8,AJVgZAAP71c=
1521401112.507424,0xc,1,0,0,7,EwISARIiXA==
1521401112.511667,0x10,1,0,0,7,jzqOoxMB4w==
1521401112.512725,0xd,1,0,0,7,AAAFAjIXUA==
1521401112.513869,0x11,1,0,0,8,AJVgZAAP71c=
1521401112.514929,0xc,1,0,0,7,EwISARIiXA==
1521401112.519145,0x10,1,0,0,7,jzqOoxMB4w==
1521401112.520203,0xd,1,0,0,7,AAAFAjIXUA==
1521401112.521343,0x11,1,0,0,8,AJVgZAAP71c=
1521401112.522386,0xc,1,0,0,7,EwISARIiXA==
1521401112.526586,0x10,1,0,0,7,jzqOoxMB4w==
1521401112.527645,0xd,1,0,0,7,AAAFAjIWTw==
1521401112.528774,0x11,1,0,0,8,AJVgZAAP71c=
1521401112.529814,0xc,1,0,0,7,EwISARIiXA==
1521401112.53403,0x10,1,0,0,7,jzqOoxMB4w==
1521401112.5351,0xd,1,0,0,7,AAAFAjIWTw==
1521401112.536096,0x82,0,0,0,8,ABEUAAAUAMM=
1521401112.537204,0x11,1,0,0,8,AJVgZAAP71c=
1521401112.538242,0xc,1,0,0,7,EwISARIiXA==
1521401112.538904,0x81,0,0,0,4,ERQAqg==
1521401112.539577,0x80,0,0,0,4,BhUAnw==
1521401112.541488,0x10,1,0,0,7,jzqOoxMB4w==
1521401112.542552,0xd,1,0,0,7,AAAFAjIWTw==
1521401112.543688,0x11,1,0,0,8,AJVgZAAP71c=
1521401112.544726,0xc,1,0,0,7,EwISARIiXA==
1521401112.548959,0x10,1,0,0,7,jzqOoxMB4w==
1521401112.550016,0xd,1,0,0,7,AAAFAjIWTw==
1521401112.55115,0x11,1,0,0,8,AJVgZAAP71c=
1521401112.552189,0xc,1,0,0,7,EwISARIiXA==
1521401112.55644,0x10,1,0,0,7,jzqOoxMB4w==
1521401112.557501,0xd,1,0,0,7,AAAFAjIWTw==
1521401112.558643,0x11,1,0,0,8,AJVgZAAP71c=
1521401112.559684,0xc,1,0,0,7,EwISARIiXA==
1521401112.564865,0x10,1,0,0,7,jzqOoxMB4w==
1521401112.565915,0xd,1,0,0,7,AAAFAjIXUA==
1521401112.567047,0x11,1,0,0,8,AJVgZAAP71c=
1521401112.568087,0xc,1,0,0,7,EwISARIiXA==
1521401112.571358,0x10,1,0,0,7,jzqOoxMB4w==
1521401112.572418,0xd,1,0,0,7,AAAFAjIXUA==
1521401112.573574,0x11,1,0,0,8,AJVgZAAP71c=
1521401112.574598,0xc,1,0,0,7,EwISARIiXA==
1521401112.578789,0x10,1,0,0,7,jzqOoxMB4w==
1521401112.579847,0xd,1,0,0,7,AAAFAjIXUA==
1521401112.580983,0x11,1,0,0,8,AJVgZAAP71c=
1521401112.582023,0xc,1,0,0,7,EwISARIiXA==
1521401112.586258,0x10,1,0,0,7,jzqOoxMB4w==
1521401112.587305,0xd,1,0,0,7,AAAFAjIXUA==
1521401112.588439,0x11,1,0,0,8,AJVgZAAP71c=
1521401112.589477,0xc,1,0,0,7,EwISARIiXA==
1521401112.593709,0x10,1,0,0,7,jzqOoxMB4w==
1521401112.594765,0xd,1,0,0,7,AAAFAjIXUA==
1521401112.595908,0x11,1,0,0,8,AJVgZAAP71c=
1521401112.596946,0xc,1,0,0,7,EwISARIiXA==
1521401112.601166,0x10,1,0,0,7,jzqOoxMB4w==
1521401112.602223,0xd,1,0,0,7,AAAFAjIXUA==
1521401112.603367,0x11,1,0,0,8,AJVgZAAP71c=
1521401112.604408,0xc,1,0,0,7,EwISARIiXA==
1521401112.60867,0x10,1,0,0,7,jz+OowcB3A==
1521401112.609733,0xd,1,0,0,7,AAAFAjIWTw==
1521401112.610878,0x11,1,0,0,8,AJVgZAAP71c=
1521401112.611933,0xc,1,0,0,7,EwISARIiXA==
1521401112.616131,0x10,1,0,0,7,jz+OowcB3A==
1521401112.617191,0xd,1,0,0,7,AAAFAjIWTw==
1521401112.61833,0x11,1,0,0,8,AJVgZAAP71c=
1521401112.619376,0xc,1,0,0,7,EwISARIiXA==
1521401112.623575,0x10,1,0,0,7,jz+OowcB3A==
1521401112.624644,0xd,1,0,0,7,AAAFAjIWTw==
1521401112.625779,0x11,1,0,0,8,AJVgZAAP71c=
1521401112.626816,0xc,1,0,0,7,EwISARIiXA==
1521401112.631028,0x10,1,0,0,7,jz+OowcB3A==
1521401112.632093,0xd,1,0,0,7,AAAFAjIWTw==
1521401112.633231,0x11,1,0,0,8,AJVgZAAP71c=
1521401112.634268,0xc,1,0,0,7,EwISARIiXA==
1521401112.638495,0x10,1,0,0,7,jz+OowcB3A==
1521401112.639544,0xd,1,0,0,7,AAAFAjIWTw==
1521401112.640686,0x11,1,0,0,8,AJVgZAAP71c=
1521401112.641342,0x81,0,0,0,4,EhMAqg==
1521401112.642382,0xc,1,0,0,7,EwISARIiXA==
1521401112.643342,0x82,0,0,0,8,ABITAAAUAMM=
1521401112.644008,0x80,0,0,0,4,BRIAmw==
1521401112.645957,0x10,1,0,0,7,jzqOoxMB4w==
1521401112.647022,0xd,1,0,0,7,AAAFAjIWTw==
1521401112.648169,0x11,1,0,0,8,AJVgZAAP71c=
1521401112.649205,0xc,1,0,0,7,EwISARIiXA==
1521401112.653401,0x10,1,0,0,7,jzqOoxMB4w==
1521401112.65445,0xd,1,0,0,7,AAAFAjIWTw==
1521401112.655605,0x11,1,0,0,8,AJVgZAAP71c=
1521401112.656638,0xc,1,0,0,7,EwISARIiXA==
1521401112.66084,0x10,1,0,0,7,jzqOoxMB4w==
1521401112.661903,0xd,1,0,0,7,AAAFAjIWTw==
1521401112.663039,0x11,1,0,0,8,AJVgZAAP71c=
1521401112.664084,0xc,1,0,0,7,EwISARIiXA==
1521401112.668301,0x10,1,0,0,7,jzqOoxMB4w==
1521401112.669358,0xd,1,0,0,7,AAAFAjIWTw==
1521401112.670493,0x11,1,0,0,8,AJVgZAAP71c=
1521401112.671531,0xc,1,0,0,7,EwISARIiXA==
1521401112.675759,0x10,1,0,0,7,jzqOoxMB4w==
1521401112.676816,0xd,1,0,0,7,AAAFAjIWTw==
1521401112.677961,0x11,1,0,0,8,AJVgZAAP71c=
1521401112.678998,0xc,1,0,0,7,EwISARIiXA==
1521401112.683216,0x10,1,0,0,7,jzqOoxMB4w==
1521401112.684286,0xd,1,0,0,7,AAAFAjIWTw==
1521401112.685422,0x11,1,0,0,8,AJVgZAAP71c=
1521401112.686469,0xc,1,0,0,7,EwISARIiXA==
1521401112.691488,0x10,1,0,0,7,jzqOoxMB4w==
1521401112.692538,0xd,1,0,0,7,AAAFAjIWTw==
1521401112.693673,0x11,1,0,0,8,AJVgZAAP71c=
1521401112.694711,0xc,1,0,0,7,EwISARIiXA==
1521401112.699083,0x10,1,0,0,7,jzqOoxMB4w==
1521401112.700144,0xd,1,0,0,7,AAAFAjIWTw==
1521401112.701278,0x11,1,0,0,8,AJVgZAAP71c=
1521401112.702322,0xc,1,0,0,7,EwISARIiXA==
1521401112.705611,0x10,1,0,0,7,jzqOoxMB4w==
1521401112.706672,0xd,1,0,0,7,AAAFAjIWTw==
1521401112.707804,0x11,1,0,0,8,AJVgZAAP71c=
1521401112.708853,0xc,1,0,0,7,EwISARIiXA==
1521401112.713052,0x10,1,0,0,7,jzqOoxMB4w==
1521401112.714111,0xd,1,0,0,7,AAAFAjIWTw==
1521401112.715253,0x11,1,0,0,8,AJVgZAAP71c=
1521401112.716289,0xc,1,0,0,7,EwISARIiXA==
1521401112.72051,0x10,1,0,0,7,jzqOoxMB4w==
1521401112.721574,0xd,1,0,0,7,AAAFAjIWTw==
1521401112.722709,0x11,1,0,0,8,AJVgZAAP71c=
1521401112.723766,0xc,1,0,0,7,EwISARIiXA==
1521401112.728033,0x10,1,0,0,7,jzqOoxMB4w==
1521401112.72908,0xd,1,0,0,7,AAAFAjIWTw==
1521401112.730215,0x11,1,0,0,8,AJVgZAAP71c=
1521401112.731264,0xc,1,0,0,7,EwISARIiXA==
1521401112.735432,0x10,1,0,0,7,jzqOoxMB4w==
1521401112.736499,0xd,1,0,0,7,AAAFAjIWTw==
1521401112.737631,0x11,1,0,0,8,AJVgZAAP71c=
1521401112.738678,0xc,1,0,0,7,EwISARIiXA==
1521401112.741206,0x80,0,0,0,4,BhUAnw==
1521401112.742167,0x82,0,0,0,8,ABMSAAAUAMM=
1521401112.743196,0x10,1,0,0,7,jzqOoxMB4w==
1521401112.744261,0xd,1,0,0,7,AAAFAjIWTw==
1521401112.745416,0x11,1,0,0,8,AJVgZAAP71c=
1521401112.746056,0x81,0,0,0,4,ExIAqg==
1521401112.747092,0xc,1,0,0,7,EwISARIiXA==
1521401112.750352,0x10,1,0,0,7,jzqOoxMB4w==
1521401112.751408,0xd,1,0,0,7,AAAFAjIWTw==
1521401112.752543,0x11,1,0,0,8,AJVgZAAP71c=
1521401112.753584,0xc,1,0,0,7,EwISARIiXA==
1521401112.757807,0x10,1,0,0,7,jzqOoxMB4w==
1521401112.75887,0xd,1,0,0,7,AAAFAjIWTw==
1521401112.760006,0x11,1,0,0,8,AJVgZAAP71c=
1521401112.761045,0xc,1,0,0,7,EwISARIiXA==
1521401112.766422,0x10,1,0,0,7,jzqOoxMB4w==
1521401112.76749,0xd,1,0,0,7,AAAFAjIWTw==
1521401112.76862,0x11,1,0,0,8,AJVgZAAP71c=
1521401112.769659,0xc,1,0,0,7,EwISARIiXA==
1521401112.772924,0x10,1,0,0,7,jzqOoxMB4w==
1521401112.773987,0xd,1,0,0,7,AAAFAjIWTw==
1521401112.77513,0x11,1,0,0,8,AJVgZAAP71c=
1521401112.776178,0xc,1,0,0,7,EwISARIiXA==
1521401112.780185,0x10,1,0,0,7,jzqOoxMB4w==
1521401112.781249,0xd,1,0,0,7,AAAFAjIWTw==
1521401112.782392,0x11,1,0,0,8,AJVgZAAP71c=
1521401112.783432,0xc,1,0,0,7,EwISARIiXA==
1521401112.787641,0x10,1,0,0,7,jzqOoxMB4w==
1521401112.788703,0xd,1,0,0,7,AAAFAjIWTw==
1521401112.789841,0x11,1,0,0,8,AJVgZAAP71c=
1521401112.790879,0xc,1,0,0,7,EwISARIiXA==
1521401112.795102,0x10,1,0,0,7,jzqOoxMB4w==
1521401112.796167,0xd,1,0,0,7,AAAFAjIWTw==
1521401112.797301,0x11,1,0,0,8,AJVgZAAP71c=
1521401112.798357,0xc,1,0,0,7,EwISARIiXA==
1521401112.802605,0x10,1,0,0,7,jz+OowcB3A==
1521401112.803677,0xd,1,0,0,7,AAAFAjIWTw==
1521401112.804826,0x11,1,0,0,8,AJVgZAAP71c=
1521401112.805861,0xc,1,0,0,7,EwISARIiXA==
1521401112.810065,0x10,1,0,0,7,jz+OowcB3A==
1521401112.811113,0xd,1,0,0,7,AAAFAjIWTw==
1521401112.812248,0x11,1,0,0,8,AJVgZAAP71c=
1521401112.813293,0xc,1,0,0,7,EwISARIiXA==
1521401112.817523,0x10,1,0,0,7,jz+OowcB3A==
1521401112.818583,0xd,1,0,0,7,AAAFAjIWTw==
1521401112.819714,0x11,1,0,0,8,AJVgZAAP71c=
1521401112.820757,0xc,1,0,0,7,EwISARIiXA==
1521401112.824964,0x10,1,0,0,7,jz+OowcB3A==
1521401112.826031,0xd,1,0,0,7,AAAFAjIWTw==
1521401112.827166,0x11,1,0,0,8,AJVgZAAP71c=
1521401112.828199,0xc,1,0,0,7,EwISARIiXA==
1521401112.832424,0x10,1,0,0,7,jz+OowcB3A==
1521401112.833486,0xd,1,0,0,7,AAAFAjIWTw==
1521401112.834621,0x11,1,0,0,8,AJVgZAAP71c=
1521401112.835663,0xc,1,0,0,7,EwISARIiXA==
1521401112.839909,0x10,1,0,0,7,jzqOoxMB4w==
1521401112.840964,0xd,1,0,0,7,AAAFAjIWTw==
1521401112.842095,0x11,1,0,0,8,AJVgZAAP71c=
1521401112.843136,0xc,1,0,0,7,EwISARIiXA==
1521401112.847327,0x10,1,0,0,7,jzqOoxMB4w==
1521401112.848298,0x82,0,0,0,8,ABQSAAAUAMQ=
1521401112.849359,0xd,1,0,0,7,AAAFAjIWTw==
1521401112.850023,0x81,0,0,0,4,FBIAqw==
1521401112.851164,0x11,1,0,0,8,AJVgZAAP71c=
1521401112.851831,0x80,0,0,0,4,BRIAmw==
1521401112.852865,0xc,1,0,0,7,EwISARIiXA==
1521401112.854782,0x10,1,0,0,7,jzqOoxMB4w==
1521401112.855847,0xd,1,0,0,7,AAAFAjIWTw==
1521401112.856983,0x11,1,0,0,8,AJVgZAAP71c=
1521401112.85802,0xc,1,0,0,7,EwISARIiXA==
1521401112.862237,0x10,1,0,0,7,jzqOoxMB4w==
1521401112.863301,0xd,1,0,0,7,AAAFAjIWTw==
1521401112.864432,0x11,1,0,0,8,AJVgZAAP71c=
1521401112.865473,0xc,1,0,0,7,EwISARIiXA==
1521401112.869695,0x10,1,0,0,7,jzqOoxMB4w==
1521401112.870759,0xd,1,0,0,7,AAAFAjIWTw==
1521401112.871897,0x11,1,0,0,8,AJVgZAAP71c=
1521401112.872933,0xc,1,0,0,7,EwISARIiXA==
1521401112.877591,0x10,1,0,0,7,jzqOoxMB4w==
1521401112.878639,0xd,1,0,0,7,AAAFAjIWTw==
1521401112.879767,0x11,1,0,0,8,AJVgZAAP71c=
1521401112.880806,0xc,1,0,0,7,EwISARIiXA==
1521401112.885435,0x10,1,0,0,7,jzqOoxMB4w==
1521401112.886475,0xd,1,0,0,7,AAAFAjIWTw==
1521401112.887611,0x11,1,0,0,8,AJVgZAAP71c=
1521401112.888653,0xc,1,0,0,7,EwISARIiXA==
1521401112.892084,0x10,1,0,0,7,jzqOoxMB4w==
1521401112.89314,0xd,1,0,0,7,AAAFAjIWTw==
1521401112.894276,0x11,1,0,0,8,AJVgZAAP71c=
1521401112.895317,0xc,1,0,0,7,EwISARIiXA==
1521401112.899537,0x10,1,0,0,7,jzqOoxMB4w==
1521401112.900593,0xd,1,0,0,7,AAAFAjIWTw==
1521401112.901727,0x11,1,0,0,8,AJVgZAAP71c=
1521401112.902767,0xc,1,0,0,7,EwISARIiXA==
1521401112.906983,0x10,1,0,0,7,jzqOoxMB4w==
1521401112.908053,0xd,1,0,0,7,AAAFAjIWTw==
1521401112.909179,0x11,1,0,0,8,AJVgZAAP71c=
1521401112.910219,0xc,1,0,0,7,EwISARIiXA==
1521401112.914484,0x10,1,0,0,7,jzqOoxMB4w==
1521401112.915546,0xd,1,0,0,7,AAAFAjIWTw==
1521401112.916681,0x11,1,0,0,8,AJVgZAAP71c=
1521401112.917719,0xc,1,0,0,7,EwISARIiXA==
1521401112.921926,0x10,1,0,0,7,jzqOoxMB4w==
1521401112.922987,0xd,1,0,0,7,AAAFAjIWTw==
1521401112.924134,0x11,1,0,0,8,AJVgZAAP71c=
1521401112.925166,0xc,1,0,0,7,EwISARIiXA==
1521401112.929382,0x10,1,0,0,7,jzqOoxMB4w==
1521401112.930444,0xd,1,0,0,7,AAAFAjIWTw==
1521401112.931597,0x11,1,0,0,8,AJVgZAAP71c=
1521401112.932643,0xc,1,0,0,7,EwISARIiXA==
1521401112.936838,0x10,1,0,0,7,jzqOoxMB4w==
1521401112.937888,0xd,1,0,0,7,AAAFAjIWTw==
1521401112.939023,0x11,1,0,0,8,AJVgZAAP71c=
1521401112.94007,0xc,1,0,0,7,EwISARIiXA==
1521401112.944278,0x10,1,0,0,7,jzqOoxMB4w==
1521401112.945342,0xd,1,0,0,7,AAAFAjIWTw==
1521401112.946478,0x11,1,0,0,8,AJVgZAAP71c=
1521401112.947517,0xc,1,0,0,7,EwISARIiXA==
1521401112.948469,0x82,0,0,0,8,ABUTAAAUAMY=
1521401112.949141,0x81,0,0,0,4,FRMArQ==
1521401112.949814,0x80,0,0,0,4,BhUAnw==
1521401112.951766,0x10,1,0,0,7,jzqOoxMB4w==
1521401112.952829,0xd,1,0,0,7,AAAFAjIWTw==
1521401112.95398,0x11,1,0,0,8,AJVgZAAP71c=
1521401112.955022,0xc,1,0,0,7,EwISARIiXA==
1521401112.959204,0x10,1,0,0,7,jzqOoxMB4w==
1521401112.960259,0xd,1,0,0,7,AAAFAjIXUA==
1521401112.961396,0x11,1,0,0,8,AJVgZAAP71c=
1521401112.962434,0xc,1,0,0,7,EwISARIiXA==
1521401112.96773,0x10,1,0,0,7,jzqOoxMB4w==
1521401112.968788,0xd,1,0,0,7,AAAFAjIXUA==
1521401112.969926,0x11,1,0,0,8,AJVgZAAP71c=
1521401112.970963,0xc,1,0,0,7,EwISARIiXA==
1521401112.974232,0x10,1,0,0,7,jzqOoxMB4w==
1521401112.975288,0xd,1,0,0,7,AAAFAjIXUA==
1521401112.976425,0x11,1,0,0,8,AJVgZAAP71c=
1521401112.977471,0xc,1,0,0,7,EwISARIiXA==
1521401112.981574,0x10,1,0,0,7,jzqOoxMB4w==
1521401112.98263,0xd,1,0,0,7,AAAFAjIXUA==
1521401112.983767,0x11,1,0,0,8,AJVgZAAP71c=
1521401112.984805,0xc,1,0,0,7,EwISARIiXA==
1521401112.989038,0x10,1,0,0,7,jzqOoxMB4w==
1521401112.990093,0xd,1,0,0,7,AAAFAjIXUA==
1521401112.991242,0x11,1,0,0,8,AJVgZAAP71c=
1521401112.992284,0xc,1,0,0,7,EwISARIiXA==
1521401112.996533,0x10,1,0,0,7,jzqOoxMB4w==
1521401112.997595,0xd,1,0,0,7,AAAFAjIXUA==
1521401112.998737,0x11,1,0,0,8,AJVgZAAP71c=
1521401112.999777,0xc,1,0,0,7,EwISARIiXA==
1521401113.003979,0x10,1,0,0,7,jzqOoxMB4w==
1521401113.005028,0xd,1,0,0,7,AAAFAjIWTw==
1521401113.006168,0x11,1,0,0,8,AJVgZAAP71c=
1521401113.007221,0xc,1,0,0,7,EwISARIiXA==
1521401113.011419,0x10,1,0,0,7,jzqOoxMB4w==
1521401113.012481,0xd,1,0,0,7,AAAFAjIWTw==
1521401113.013627,0x11,1,0,0,8,AJVgZAAP71c=
1521401113.014666,0xc,1,0,0,7,EwISARIiXA==
1521401113.018871,0x10,1,0,0,7,jzqOoxMB4w==
1521401113.019942,0xd,1,0,0,7,AAAFAjIWTw==
1521401113.021071,0x11,1,0,0,8,AJVgZAAP71c=
1521401113.022109,0xc,1,0,0,7,EwISARIiXA==
1521401113.026361,0x10,1,0,0,7,jzqOoxMB4w==
1521401113.027401,0xd,1,0,0,7,AAAFAjIWTw==
1521401113.028544,0x11,1,0,0,8,AJVgZAAP71c=
1521401113.029594,0xc,1,0,0,7,EwISARIiXA==
1521401113.033822,0x10,1,0,0,7,jzqOoxMB4w==
1521401113.034885,0xd,1,0,0,7,AAAFAjIWTw==
1521401113.036027,0x11,1,0,0,8,AJVgZAAP71c=
1521401113.037077,0xc,1,0,0,7,EwISARIiXA==
1521401113.041263,0x10,1,0,0,7,jzqOoxMB4w==
1521401113.042334,0xd,1,0,0,7,AAAFAjIWTw==
1521401113.043467,0x11,1,0,0,8,AJVgZAAP71c=
1521401113.044508,0xc,1,0,0,7,EwISARIiXA==
1521401113.048722,0x10,1,0,0,7,jzqOoxMB4w==
1521401113.049785,0xd,1,0,0,7,AAAFAjIWTw==
1521401113.050928,0x11,1,0,0,8,AJVgZAAP71c=
1521401113.051889,0x82,0,0,0,8,ABYTAAAUAMc=
1521401113.052927,0xc,1,0,0,7,EwISARIiXA==
1521401113.053591,0x81,0,0,0,4,FhMArg==
1521401113.054256,0x80,0,0,0,4,BRIAmw==
1521401113.056167,0x10,1,0,0,7,jzqOoxMB4w==
1521401113.05723,0xd,1,0,0,7,AAAFAjIWTw==
1521401113.058366,0x11,1,0,0,8,AJVgZAAP71c=
1521401113.059411,0xc,1,0,0,7,EwISARIiXA==
1521401113.063642,0x10,1,0,0,7,jzqOoxMB4w==
1521401113.0647,0xd,1,0,0,7,AAAFAjIWTw==
1521401113.065842,0x11,1,0,0,8,AJVgZAAP71c=
1521401113.06688,0xc,1,0,0,7,EwISARIiXA==
1521401113.071101,0x10,1,0,0,7,jzqOoxMB4w==
1521401113.072168,0xd,1,0,0,7,AAAFAjIWTw==
1521401113.073302,0x11,1,0,0,8,AJVgZAAP71c=
1521401113.074342,0xc,1,0,0,7,EwISARIiXA==
1521401113.07809,0x7e3,0,0,0,8,AgEBAAAAAAA=
1521401113.079111,0x10,1,0,0,7,jzqOoxMB4w==
1521401113.080172,0xd,1,0,0,7,AAAFAjIWTw==
1521401113.081311,0x11,1,0,0,8,AJVgZAAP71c=
1521401113.082351,0xc,1,0,0,7,EwISARIiXA==
1521401113.086634,0x10,1,0,0,7,jzqOoxMB4w==
1521401113.087704,0xd,1,0,0,7,AAAFAjIWTw==
1521401113.08884,0x11,1,0,0,8,AJVgZAAP71c=
1521401113.089879,0xc,1,0,0,7,EwISARIiXA==
1521401113.090873,0x7eb,0,0,0,8,A0EBAAAAAAA=
1521401113.093479,0x10,1,0,0,7,jzqOoxMB4w==
1521401113.094553,0xd,1,0,0,7,AAAFAjIXUA==
1521401113.095682,0x11,1,0,0,8,AJVgZAAP71c=
1521401113.096721,0xc,1,0,0,7,EwISARIiXA==
1521401113.100932,0x10,1,0,0,7,jzqOoxMB4w==
1521401113.101984,0xd,1,0,0,7,AAAFAjIXUA==
1521401113.103121,0x11,1,0,0,8,AJVgZAAP71c=
1521401113.104159,0xc,1,0,0,7,EwISARIiXA==
1521401113.108391,0x10,1,0,0,7,jzqOoxMB4w==
1521401113.109438,0xd,1,0,0,7,AAAFAjIXUA==
1521401113.110573,0x11,1,0,0,8,AJVgZAAP71c=
1521401113.111622,0xc,1,0,0,7,EwISARIiXA==
1521401113.115905,0x10,1,0,0,7,jz+OowcB3A==
1521401113.116957,0xd,1,0,0,7,AAAFAjIXUA==
1521401113.118116,0x11,1,0,0,8,AJVgZAAP71c=
1521401113.119127,0xc,1,0,0,7,EwISARIiXA==
1521401113.123325,0x10,1,0,0,7,jz+OowcB3A==
1521401113.124381,0xd,1,0,0,7,AAAFAjIXUA==
1521401113.125536,0x11,1,0,0,8,AJVgZAAP71c=
1521401113.126575,0xc,1,0,0,7,EwISARIiXA==
1521401113.130783,0x10,1,0,0,7,jz+OowcB3A==
1521401113.131838,0xd,1,0,0,7,AAAFAjIXUA==
1521401113.132973,0x11,1,0,0,8,AJVgZAAP71c=
1521401113.134013,0xc,1,0,0,7,EwISARIiXA==
1521401113.138245,0x10,1,0,0,7,jz+OowcB3A==
1521401113.1393,0xd,1,0,0,7,AAAFAjIXUA==
1521401113.140437,0x11,1,0,0,8,AJVgZAAP71c=
1521401113.141476,0xc,1,0,0,7,EwISARIiXA==
1521401113.145708,0x10,1,0,0,7,jz+OowcB3A==
1521401113.146763,0xd,1,0,0,7,AAAFAjIXUA==
1521401113.1479,0x11,1,0,0,8,AJVgZAAP71c=
1521401113.148938,0xc,1,0,0,7,EwISARIiXA==
1521401113.150386,0x80,0,0,0,4,BhUAnw==
1521401113.151346,0x82,0,0,0,8,ABcUAAAUAMk=
1521401113.152019,0x81,0,0,0,4,FxQAsA==
1521401113.153195,0x10,1,0,0,7,jz+OowcB3A==
1521401113.15426,0xd,1,0,0,7,AAAFAjIWTw==
1521401113.155404,0x11,1,0,0,8,AJVgZAAP71c=
1521401113.156433,0xc,1,0,0,7,EwISARIiXA==
1521401113.160632,0x10,1,0,0,7,jz+OowcB3A==
1521401113.161704,0xd,1,0,0,7,AAAFAjIWTw==
1521401113.162839,0x11,1,0,0,8,AJVgZAAP71c=
1521401113.163879,0xc,1,0,0,7,EwISARIiXA==
1521401113.168127,0x10,1,0,0,7,jz+OowcB3A==
1521401113.16919,0xd,1,0,0,7,AAAFAjIWTw==
1521401113.170326,0x11,1,0,0,8,AJVgZAAP71c=
1521401113.171367,0xc,1,0,0,7,EwISARIiXA==
1521401113.175725,0x10,1,0,0,7,jz+OowcB3A==
1521401113.176821,0xd,1,0,0,7,AAAFAjIWTw==
1521401113.177984,0x11,1,0,0,8,AJVgZAAP71c=
1521401113.179004,0xc,1,0,0,7,EwISARIiXA==
1521401113.183031,0x10,1,0,0,7,jz+OowcB3A==
1521401113.184097,0xd,1,0,0,7,AAAFAjIWTw==
1521401113.185216,0x11,1,0,0,8,AJVgZAAP71c=
1521401113.18626,0xc,1,0,0,7,EwISARIiXA==
1521401113.190469,0x10,1,0,0,7,jz+OowcB3A==
1521401113.191526,0xd,1,0,0,7,AAAFAjIWTw==
1521401113.19266,0x11,1,0,0,8,AJVgZAAP71c=
1521401113.1937,0xc,1,0,0,7,EwISARIiXA==
1521401113.197964,0x10,1,0,0,7,jz+OowcB3A==
1521401113.199037,0xd,1,0,0,7,AAAFAjIWTw==
1521401113.200178,0x11,1,0,0,8,AJVgZAAP71c=
1521401113.20122,0xc,1,0,0,7,EwISARIiXA==
1521401113.205358,0x10,1,0,0,7,jzqOoxMB4w==
1521401113.206429,0xd,1,0,0,7,AAAFAjIXUA==
1521401113.207559,0x11,1,0,0,8,AJVgZAAP71c=
1521401113.208605,0xc,1,0,0,7,EwISARIiXA==
1521401113.212833,0x10,1,0,0,7,jzqOoxMB4w==
1521401113.213877,0xd,1,0,0,7,AAAFAjIXUA==
1521401113.215008,0x11,1,0,0,8,AJVgZAAP71c=
1521401113.216055,0xc,1,0,0,7,EwISARIiXA==
1521401113.220272,0x10,1,0,0,7,jzqOoxMB4w==
1521401113.221326,0xd,1,0,0,7,AAAFAjIXUA==
1521401113.222462,0x11,1,0,0,8,AJVgZAAP71c=
1521401113.223501,0xc,1,0,0,7,EwISARIiXA==
1521401113.227739,0x10,1,0,0,7,jzqOoxMB4w==
1521401113.228791,0xd,1,0,0,7,AAAFAjIXUA==
1521401113.229941,0x11,1,0,0,8,AJVgZAAP71c=
1521401113.230979,0xc,1,0,0,7,EwISARIiXA==
1521401113.235233,0x10,1,0,0,7,jzqOoxMB4w==
1521401113.236288,0xd,1,0,0,7,AAAFAjIWTw==
1521401113.237423,0x11,1,0,0,8,AJVgZAAP71c=
1521401113.238471,0xc,1,0,0,7,EwISARIiXA==
1521401113.242656,0x10,1,0,0,7,jzqOoxMB4w==
1521401113.243718,0xd,1,0,0,7,AAAFAjIWTw==
1521401113.244871,0x11,1,0,0,8,AJVgZAAP71c=
1521401113.245902,0xc,1,0,0,7,EwISARIiXA==
1521401113.250132,0x10,1,0,0,7,jzqOoxMB4w==
1521401113.251177,0xd,1,0,0,7,AAAFAjIWTw==
1521401113.25233,0x11,1,0,0,8,AJVgZAAP71c=
1521401113.253367,0xc,1,0,0,7,EwISARIiXA==
1521401113.256394,0x80,0,0,0,4,BRIAmw==
1521401113.257353,0x82,0,0,0,8,ABgTAAAUAMk=
1521401113.258382,0x10,1,0,0,7,jzqOoxMB4w==
1521401113.259453,0xd,1,0,0,7,AAAFAjIWTw==
1521401113.260583,0x11,1,0,0,8,AJVgZAAP71c=
1521401113.261624,0xc,1,0,0,7,EwISARIiXA==
1521401113.262292,0x81,0,0,0,4,GBMAsA==
1521401113.26503,0x10,1,0,0,7,jzqOoxMB4w==
1521401113.266096,0xd,1,0,0,7,AAAFAjIWTw==
1521401113.26723,0x11,1,0,0,8,AJVgZAAP71c=
1521401113.268268,0xc,1,0,0,7,EwISARIiXA==
1521401113.272894,0x10,1,0,0,7,jzqOoxMB4w==
1521401113.27396,0xd,1,0,0,7,AAAFAjIWTw==
1521401113.275086,0x11,1,0,0,8,AJVgZAAP71c=
1521401113.276128,0xc,1,0,0,7,EwISARIiXA==
1521401113.27995,0x10,1,0,0,7,jzqOoxMB4w==
1521401113.281006,0xd,1,0,0,7,AAAFAjIWTw==
1521401113.28217,0x11,1,0,0,8,AJVgZAAP71c=
1521401113.283212,0xc,1,0,0,7,EwISARIiXA==
1521401113.287413,0x10,1,0,0,7,jzqOoxMB4w==
1521401113.288474,0xd,1,0,0,7,AAAFAjIWTw==
1521401113.289609,0x11,1,0,0,8,AJVgZAAP71c=
1521401113.290656,0xc,1,0,0,7,EwISARIiXA==
1521401113.294868,0x10,1,0,0,7,jzqOoxMB4w==
1521401113.295932,0xd,1,0,0,7,AAAFAjIWTw==
1521401113.297062,0x11,1,0,0,8,AJVgZAAP71c=
1521401113.298108,0xc,1,0,0,7,EwISARIiXA==
1521401113.302326,0x10,1,0,0,7,jzqOoxMB4w==
1521401113.303389,0xd,1,0,0,7,AAAFAjIWTw==
1521401113.304526,0x11,1,0,0,8,AJVgZAAP71c=
1521401113.305566,0xc,1,0,0,7,EwISARIiXA==
1521401113.309807,0x10,1,0,0,7,jzqOoxMB4w==
1521401113.310868,0xd,1,0,0,7,AAAFAjIWTw==
1521401113.311999,0x11,1,0,0,8,AJVgZAAP71c=
1521401113.313039,0xc,1,0,0,7,EwISARIiXA==
1521401113.317248,0x10,1,0,0,7,jzqOoxMB4w==
1521401113.31831,0xd,1,0,0,7,AAAFAjIWTw==
1521401113.319445,0x11,1,0,0,8,AJVgZAAP71c=
1521401113.320485,0xc,1,0,0,7,EwISARIiXA==
1521401113.3247,0x10,1,0,0,7,jzqOoxMB4w==
1521401113.325773,0xd,1,0,0,7,AAAFAjIWTw==
1521401113.326907,0x11,1,0,0,8,AJVgZAAP71c=
1521401113.327959,0xc,1,0,0,7,EwISARIiXA==
1521401113.332152,0x10,1,0,0,7,jzqOoxMB4w==
1521401113.333216,0xd,1,0,0,7,AAAFAjIWTw==
1521401113.334352,0x11,1,0,0,8,AJVgZAAP71c=
1521401113.335423,0xc,1,0,0,7,EwISARIiXA==
1521401113.339619,0x10,1,0,0,7,jzqOoxMB4w==
1521401113.340697,0xd,1,0,0,7,AAAFAjIWTw==
1521401113.341848,0x11,1,0,0,8,AJVgZAAP71c=
1521401113.342888,0xc,1,0,0,7,EwISARIiXA==
1521401113.347112,0x10,1,0,0,7,jzqOoxMB4w==
1521401113.348175,0xd,1,0,0,7,AAAFAjIWTw==
1521401113.349319,0x11,1,0,0,8,AJVgZAAP71c=
1521401113.350359,0xc,1,0,0,7,EwISARIiXA==
1521401113.354541,0x10,1,0,0,7,jzqOoxMB4w==
1521401113.355606,0xd,1,0,0,7,AAAFAjIWTw==
1521401113.356741,0x11,1,0,0,8,AJVgZAAP71c=
1521401113.357782,0xc,1,0,0,7,EwISARIiXA==
1521401113.358732,0x82,0,0,0,8,ABkTAAAUAMo=
1521401113.359388,0x81,0,0,0,4,GRMAsQ==
1521401113.360068,0x80,0,0,0,4,BhUAnw==
1521401113.361996,0x10,1,0,0,7,jzqOoxMB4w==
1521401113.363066,0xd,1,0,0,7,AAAFAjIWTw==
1521401113.364206,0x11,1,0,0,8,AJVgZAAP71c=
1521401113.365262,0xc,1,0,0,7,EwISARIiXA==
1521401113.36949,0x10,1,0,0,7,jzqOoxMB4w==
1521401113.370528,0xd,1,0,0,7,AAAFAjIWTw==
1521401113.371664,0x11,1,0,0,8,AJVgZAAP71c=
1521401113.372701,0xc,1,0,0,7,EwISARIiXA==
1521401113.376925,0x10,1,0,0,7,jzqOoxMB4w==
1521401113.37799,0xd,1,0,0,7,AAAFAjIWTw==
1521401113.379116,0x11,1,0,0,8,AJVgZAAP71c=
1521401113.380155,0xc,1,0,0,7,EwISARIiXA==
1521401113.385372,0x10,1,0,0,7,jzqOoxMB4w==
1521401113.386438,0xd,1,0,0,7,AAAFAjIWTw==
1521401113.387572,0x11,1,0,0,8,AJVgZAAP71c=
1521401113.388617,0xc,1,0,0,7,EwISARIiXA==
1521401113.391846,0x10,1,0,0,7,jzqOoxMB4w==
1521401113.392918,0xd,1,0,0,7,AAAFAjIWTw==
1521401113.394054,0x11,1,0,0,8,AJVgZAAP71c=
1521401113.395092,0xc,1,0,0,7,EwISARIiXA==
1521401113.399313,0x10,1,0,0,7,jzqOoxMB4w==
1521401113.400379,0xd,1,0,0,7,AAAFAjIWTw==
1521401113.401514,0x11,1,0,0,8,AJVgZAAP71c=
1521401113.402553,0xc,1,0,0,7,EwISARIiXA==
1521401113.406757,0x10,1,0,0,7,jzqOoxMB4w==
1521401113.407817,0xd,1,0,0,7,AAAFAjIWTw==
1521401113.408949,0x11,1,0,0,8,AJVgZAAP71c=
1521401113.409989,0xc,1,0,0,7,EwISARIiXA==
1521401113.414215,0x10,1,0,0,7,jzqOoxMB4w==
1521401113.415279,0xd,1,0,0,7,AAAFAjIWTw==
1521401113.416414,0x11,1,0,0,8,AJVgZAAP71c=
1521401113.417461,0xc,1,0,0,7,EwISARIiXA==
1521401113.42173,0x10,1,0,0,7,jz+OowcB3A==
1521401113.422812,0xd,1,0,0,7,AAAFAjIXUA==
1521401113.423945,0x11,1,0,0,8,AJVgZAAP71c=
1521401113.424967,0xc,1,0,0,7,EwISARIiXA==
1521401113.42915,0x10,1,0,0,7,jz+OowcB3A==
1521401113.430205,0xd,1,0,0,7,AAAFAjIXUA==
1521401113.431349,0x11,1,0,0,8,AJVgZAAP71c=
1521401113.432396,0xc,1,0,0,7,EwISARIiXA==
1521401113.436646,0x10,1,0,0,7,jz+OowcB3A==
1521401113.437684,0xd,1,0,0,7,AAAFAjIXUA==
1521401113.438823,0x11,1,0,0,8,AJVgZAAP71c=
1521401113.439863,0xc,1,0,0,7,EwISARIiXA==
1521401113.44408,0x10,1,0,0,7,jz+OowcB3A==
1521401113.445127,0xd,1,0,0,7,AAAFAjIXUA==
1521401113.446261,0x11,1,0,0,8,AJVgZAAP71c=
1521401113.447304,0xc,1,0,0,7,EwISARIiXA==
1521401113.451536,0x10,1,0,0,7,jz+OowcB3A==
1521401113.452589,0xd,1,0,0,7,AAAFAjIXUA==
1521401113.453741,0x11,1,0,0,8,AJVgZAAP71c=
1521401113.454796,0xc,1,0,0,7,EwISARIiXA==
1521401113.459013,0x10,1,0,0,7,jz+OowcB3A==
1521401113.460055,0xd,1,0,0,7,AAAFAjIXUA==
1521401113.461192,0x11,1,0,0,8,AJVgZAAP71c=
1521401113.46223,0xc,1,0,0,7,EwISARIiXA==
1521401113.463198,0x82,0,0,0,8,ABoTAAAUAMs=
1521401113.463854,0x81,0,0,0,4,GhMAsg==
1521401113.464518,0x80,0,0,0,4,BRIAmw==
1521401113.466695,0x10,1,0,0,7,jz+OowcB3A==
1521401113.467752,0xd,1,0,0,7,AAAFAjIXUA==
1521401113.468885,0x11,1,0,0,8,AJVgZAAP71c=
1521401113.469961,0xc,1,0,0,7,EwISARIiXA==
1521401113.474299,0x10,1,0,0,7,jz+OowcB3A==
1521401113.475345,0xd,1,0,0,7,AAAFAjIXUA==
1521401113.476487,0x11,1,0,0,8,AJVgZAAP71c=
1521401113.47753,0xc,1,0,0,7,EwISARIiXA==
1521401113.481343,0x10,1,0,0,7,jzqOoxMB4w==
1521401113.482402,0xd,1,0,0,7,AAAFAjIXUA==
1521401113.483534,0x11,1,0,0,8,AJVgZAAP71c=
1521401113.484574,0xc,1,0,0,7,EwISARIiXA==
1521401113.488805,0x10,1,0,0,7,jzqOoxMB4w==
1521401113.48986,0xd,1,0,0,7,AAAFAjIXUA==
1521401113.490997,0x11,1,0,0,8,AJVgZAAP71c=
1521401113.492035,0xc,1,0,0,7,EwISARIiXA==
1521401113.496262,0x10,1,0,0,7,jzqOoxMB4w==
1521401113.497311,0xd,1,0,0,7,AAAFAjIXUA==
1521401113.498448,0x11,1,0,0,8,AJVgZAAP71c=
1521401113.499494,0xc,1,0,0,7,EwISARIiXA==
1521401113.503767,0x10,1,0,0,7,jz+OowcB3A==
1521401113.504829,0xd,1,0,0,7,AAAFAjIXUA==
1521401113.505974,0x11,1,0,0,8,AJVgZAAP71c=
1521401113.507013,0xc,1,0,0,7,EwISARIiXA==
1521401113.511212,0x10,1,0,0,7,jz+OowcB3A==
1521401113.512268,0xd,1,0,0,7,AAAFAjIXUA==
1521401113.513411,0x11,1,0,0,8,AJVgZAAP71c=
1521401113.514451,0xc,1,0,0,7,EwISARIiXA==
1521401113.51866,0x10,1,0,0,7,jz+OowcB3A==
1521401113.519722,0xd,1,0,0,7,AAAFAjIXUA==
1521401113.52086,0x11,1,0,0,8,AJVgZAAP71c=
1521401113.521897,0xc,1,0,0,7,EwISARIiXA==
1521401113.526122,0x10,1,0,0,7,jz+OowcB3A==
1521401113.527176,0xd,1,0,0,7,AAAFAjIXUA==
1521401113.528312,0x11,1,0,0,8,AJVgZAAP71c=
1521401113.529351,0xc,1,0,0,7,EwISARIiXA==
1521401113.533575,0x10,1,0,0,7,jz+OowcB3A==
1521401113.534631,0xd,1,0,0,7,AAAFAjIXUA==
1521401113.535768,0x11,1,0,0,8,AJVgZAAP71c=
1521401113.536812,0xc,1,0,0,7,EwISARIiXA==
1521401113.541036,0x10,1,0,0,7,jz+OowcB3A==
1521401113.542099,0xd,1,0,0,7,AAAFAjIXUA==
1521401113.543234,0x11,1,0,0,8,AJVgZAAP71c=
1521401113.544274,0xc,1,0,0,7,EwISARIiXA==
1521401113.548501,0x10,1,0,0,7,jzqOoxMB4w==
1521401113.549564,0xd,1,0,0,7,AAAFAjIWTw==
1521401113.5507,0x11,1,0,0,8,AJVgZAAP71c=
1521401113.551738,0xc,1,0,0,7,EwISARIiXA==
1521401113.555998,0x10,1,0,0,7,jzqOoxMB4w==
1521401113.557025,0xd,1,0,0,7,AAAFAjIWTw==
1521401113.558175,0x11,1,0,0,8,AJVgZAAP71c=
1521401113.559219,0xc,1,0,0,7,EwISARIiXA==
1521401113.561794,0x80,0,0,0,4,BhUAnw==
1521401113.562748,0x82,0,0,0,8,ABsSAAAUAMs=
1521401113.56378,0x10,1,0,0,7,jzqOoxMB4w==
1521401113.564849,0xd,1,0,0,7,AAAFAjIWTw==
1521401113.565992,0x11,1,0,0,8,AJVgZAAP71c=
1521401113.567024,0xc,1,0,0,7,EwISARIiXA==
1521401113.567684,0x81,0,0,0,4,GxIAsg==
1521401113.571614,0x10,1,0,0,7,jzqOoxMB4w==
1521401113.572676,0xd,1,0,0,7,AAAFAjIWTw==
1521401113.573811,0x11,1,0,0,8,AJVgZAAP71c=
1521401113.574849,0xc,1,0,0,7,EwISARIiXA==
1521401113.578327,0x10,1,0,0,7,jzqOoxMB4w==
1521401113.57939,0xd,1,0,0,7,AAAFAjIWTw==
1521401113.580525,0x11,1,0,0,8,AJVgZAAP71c=
1521401113.581565,0xc,1,0,0,7,EwISARIiXA==
1521401113.585773,0x10,1,0,0,7,jzqOoxMB4w==
1521401113.586836,0xd,1,0,0,7,AAAFAjIWTw==
1521401113.587975,0x11,1,0,0,8,AJVgZAAP71c=
1521401113.589034,0xc,1,0,0,7,EwISARIiXA==
1521401113.593235,0x10,1,0,0,7,jzqOoxMB4w==
1521401113.594295,0xd,1,0,0,7,AAAFAjIWTw==
1521401113.595445,0x11,1,0,0,8,AJVgZAAP71c=
1521401113.596469,0xc,1,0,0,7,EwISARIiXA==
1521401113.600731,0x10,1,0,0,7,jzqOoxMB4w==
1521401113.601799,0xd,1,0,0,7,AAAFAjIWTw==
1521401113.602946,0x11,1,0,0,8,AJVgZAAP71c=
1521401113.603989,0xc,1,0,0,7,EwISARIiXA==
1521401113.608149,0x10,1,0,0,7,jzqOoxMB4w==
1521401113.609211,0xd,1,0,0,7,AAAFAjIWTw==
1521401113.610361,0x11,1,0,0,8,AJVgZAAP71c=
1521401113.611402,0xc,1,0,0,7,EwISARIiXA==
1521401113.615622,0x10,1,0,0,7,jzqOoxMB4w==
1521401113.616678,0xd,1,0,0,7,AAAFAjIWTw==
1521401113.617814,0x11,1,0,0,8,AJVgZAAP71c=
1521401113.618853,0xc,1,0,0,7,EwISARIiXA==
1521401113.623071,0x10,1,0,0,7,jzqOoxMB4w==
1521401113.624154,0xd,1,0,0,7,AAAFAjIWTw==
1521401113.625273,0x11,1,0,0,8,AJVgZAAP71c=
1521401113.626317,0xc,1,0,0,7,EwISARIiXA==
1521401113.630527,0x10,1,0,0,7,jzqOoxMB4w==
1521401113.631593,0xd,1,0,0,7,AAAFAjIWTw==
1521401113.632727,0x11,1,0,0,8,AJVgZAAP71c=
1521401113.633767,0xc,1,0,0,7,EwISARIiXA==
1521401113.637996,0x10,1,0,0,7,jzqOoxMB4w==
1521401113.639061,0xd,1,0,0,7,AAAFAjIWTw==
1521401113.640204,0x11,1,0,0,8,AJVgZAAP71c=
1521401113.641243,0xc,1,0,0,7,EwISARIiXA==
1521401113.645501,0x10,1,0,0,7,jz+OowcB3A==
1521401113.646574,0xd,1,0,0,7,AAAFAjIWTw==
1521401113.647707,0x11,1,0,0,8,AJVgZAAP71c=
1521401113.648742,0xc,1,0,0,7,EwISARIiXA==
1521401113.652929,0x10,1,0,0,7,jz+OowcB3A==
1521401113.653989,0xd,1,0,0,7,AAAFAjIWTw==
1521401113.655141,0x11,1,0,0,8,AJVgZAAP71c=
1521401113.656182,0xc,1,0,0,7,EwISARIiXA==
1521401113.660448,0x10,1,0,0,7,jz+OowcB3A==
1521401113.66147,0xd,1,0,0,7,AAAFAjIWTw==
1521401113.662595,0x11,1,0,0,8,AJVgZAAP71c=
1521401113.663635,0xc,1,0,0,7,EwISARIiXA==
1521401113.667234,0x80,0,0,0,4,BRIAmw==
1521401113.668293,0x10,1,0,0,7,jz+OowcB3A==
1521401113.669344,0xd,1,0,0,7,AAAFAjIWTw==
1521401113.670484,0x11,1,0,0,8,AJVgZAAP71c=
1521401113.671522,0xc,1,0,0,7,EwISARIiXA==
1521401113.672487,0x82,0,0,0,8,AAAVAAAUALM=
1521401113.673156,0x81,0,0,0,4,ABUAmg==
1521401113.675314,0x10,1,0,0,7,jz+OowcB3A==
1521401113.676376,0xd,1,0,0,7,AAAFAjIWTw==
1521401113.677511,0x11,1,0,0,8,AJVgZAAP71c=
1521401113.67855,0xc,1,0,0,7,EwISARIiXA==
1521401113.683928,0x10,1,0,0,7,jz+OowcB3A==
1521401113.684983,0xd,1,0,0,7,AAAFAjIWTw==
1521401113.686122,0x11,1,0,0,8,AJVgZAAP71c=
1521401113.687159,0xc,1,0,0,7,EwISARIiXA==
1521401113.690422,0x10,1,0,0,7,jz+OowcB3A==
1521401113.691486,0xd,1,0,0,7,AAAFAjIWTw==
1521401113.692621,0x11,1,0,0,8,AJVgZAAP71c=
1521401113.693669,0xc,1,0,0,7,EwISARIiXA==
1521401113.697669,0x10,1,0,0,7,jzqOoxMB4w==
1521401113.69874,0xd,1,0,0,7,AAAFAjIWTw==
1521401113.699875,0x11,1,0,0,8,AJVgZAAP71c=
1521401113.700918,0xc,1,0,0,7,EwISARIiXA==
1521401113.705115,0x10,1,0,0,7,jzqOoxMB4w==
1521401113.706179,0xd,1,0,0,7,AAAFAjIWTw==
1521401113.70733,0x11,1,0,0,8,AJVgZAAP71c=
1521401113.708354,0xc,1,0,0,7,EwISARIiXA==
1521401113.712577,0x10,1,0,0,7,jzqOoxMB4w==
1521401113.713641,0xd,1,0,0,7,AAAFAjIWTw==
1521401113.714777,0x11,1,0,0,8,AJVgZAAP71c=
1521401113.715817,0xc,1,0,0,7,EwISARIiXA==
1521401113.720033,0x10,1,0,0,7,jzqOoxMB4w==
1521401113.721095,0xd,1,0,0,7,AAAFAjIWTw==
1521401113.722239,0x11,1,0,0,8,AJVgZAAP71c=
1521401113.723295,0xc,1,0,0,7,EwISARIiXA==
1521401113.727545,0x10,1,0,0,7,jz+OowcB3A==
1521401113.728607,0xd,1,0,0,7,AAAFAjIWTw==
1521401113.729757,0x11,1,0,0,8,AJVgZAAP71c=
1521401113.730797,0xc,1,0,0,7,EwISARIiXA==
1521401113.734982,0x10,1,0,0,7,jz+OowcB3A==
1521401113.736053,0xd,1,0,0,7,AAAFAjIWTw==
1521401113.737179,0x11,1,0,0,8,AJVgZAAP71c=
1521401113.738219,0xc,1,0,0,7,EwISARIiXA==
1521401113.742453,0x10,1,0,0,7,jz+OowcB3A==
1521401113.743532,0xd,1,0,0,7,AAAFAjIWTw==
1521401113.744676,0x11,1,0,0,8,AJVgZAAP71c=
1521401113.745727,0xc,1,0,0,7,EwISARIiXA==
1521401113.749906,0x10,1,0,0,7,jz+OowcB3A==
1521401113.750962,0xd,1,0,0,7,AAAFAjIWTw==
1521401113.752098,0x11,1,0,0,8,AJVgZAAP71c=
1521401113.753135,0xc,1,0,0,7,EwISARIiXA==
1521401113.75736,0x10,1,0,0,7,jz+OowcB3A==
1521401113.758421,0xd,1,0,0,7,AAAFAjIWTw==
1521401113.759556,0x11,1,0,0,8,AJVgZAAP71c=
1521401113.760593,0xc,1,0,0,7,EwISARIiXA==
1521401113.765123,0x10,1,0,0,7,jz+OowcB3A==
1521401113.766188,0xd,1,0,0,7,AAAFAjIWTw==
1521401113.767318,0x11,1,0,0,8,AJVgZAAP71c=
1521401113.768357,0xc,1,0,0,7,EwISARIiXA==
1521401113.769316,0x82,0,0,0,8,AAEVAAAUALQ=
1521401113.76998,0x81,0,0,0,4,ARUAmw==
1521401113.770652,0x80,0,0,0,4,BhUAnw==
1521401113.773044,0x10,1,0,0,7,jz+OowcB3A==
1521401113.774108,0xd,1,0,0,7,AAAFAjIWTw==
1521401113.775243,0x11,1,0,0,8,AJVgZAAP71c=
1521401113.776292,0xc,1,0,0,7,EwISARIiXA==
1521401113.779727,0x10,1,0,0,7,jzqOoxMB4w==
1521401113.780782,0xd,1,0,0,7,AAAFAjIXUA==
1521401113.781928,0x11,1,0,0,8,AJVgZAAP71c=
1521401113.782957,0xc,1,0,0,7,EwISARIiXA==
1521401113.787179,0x10,1,0,0,7,jzqOoxMB4w==
1521401113.788228,0xd,1,0,0,7,AAAFAjIXUA==
1521401113.789367,0x11,1,0,0,8,AJVgZAAP71c=
1521401113.790404,0xc,1,0,0,7,EwISARIiXA==
1521401113.794632,0x10,1,0,0,7,jzqOoxMB4w==
1521401113.795685,0xd,1,0,0,7,AAAFAjIXUA==
1521401113.796817,0x11,1,0,0,8,AJVgZAAP71c=
1521401113.797856,0xc,1,0,0,7,EwISARIiXA==
1521401113.802116,0x10,1,0,0,7,jzqOoxMB4w==
1521401113.803163,0xd,1,0,0,7,AAAFAjIXUA==
1521401113.804301,0x11,1,0,0,8,AJVgZAAP71c=
1521401113.805348,0xc,1,0,0,7,EwISARIiXA==
1521401113.809575,0x10,1,0,0,7,jzqOoxMB4w==
1521401113.810628,0xd,1,0,0,7,AAAFAjIXUA==
1521401113.811772,0x11,1,0,0,8,AJVgZAAP71c=
1521401113.812819,0xc,1,0,0,7,EwISARIiXA==
1521401113.817045,0x10,1,0,0,7,jzqOoxMB4w==
1521401113.818104,0xd,1,0,0,7,AAAFAjIWTw==
1521401113.819238,0x11,1,0,0,8,AJVgZAAP71c=
1521401113.820286,0xc,1,0,0,7,EwISARIiXA==
1521401113.824468,0x10,1,0,0,7,jzqOoxMB4w==
1521401113.825535,0xd,1,0,0,7,AAAFAjIWTw==
1521401113.826683,0x11,1,0,0,8,AJVgZAAP71c=
1521401113.827736,0xc,1,0,0,7,EwISARIiXA==
1521401113.831927,0x10,1,0,0,7,jzqOoxMB4w==
1521401113.832987,0xd,1,0,0,7,AAAFAjIWTw==
1521401113.834134,0x11,1,0,0,8,AJVgZAAP71c=
1521401113.835163,0xc,1,0,0,7,EwISARIiXA==
1521401113.839397,0x10,1,0,0,7,jzqOoxMB4w==
1521401113.840445,0xd,1,0,0,7,AAAFAjIWTw==
1521401113.84158,0x11,1,0,0,8,AJVgZAAP71c=
1521401113.84262,0xc,1,0,0,7,EwISARIiXA==
1521401113.846869,0x10,1,0,0,7,jzqOoxMB4w==
1521401113.847939,0xd,1,0,0,7,AAAFAjIWTw==
1521401113.849083,0x11,1,0,0,8,AJVgZAAP71c=
1521401113.850136,0xc,1,0,0,7,EwISARIiXA==
1521401113.854329,0x10,1,0,0,7,jzqOoxMB4w==
1521401113.855379,0xd,1,0,0,7,AAAFAjIWTw==
1521401113.85652,0x11,1,0,0,8,AJVgZAAP71c=
1521401113.857566,0xc,1,0,0,7,EwISARIiXA==
1521401113.861766,0x10,1,0,0,7,jzqOoxMB4w==
1521401113.862835,0xd,1,0,0,7,AAAFAjIWTw==
1521401113.86397,0x11,1,0,0,8,AJVgZAAP71c=
1521401113.865016,0xc,1,0,0,7,EwISARIiXA==
1521401113.869223,0x10,1,0,0,7,jzqOoxMB4w==
1521401113.870282,0xd,1,0,0,7,AAAFAjIWTw==
1521401113.871419,0x11,1,0,0,8,AJVgZAAP71c=
1521401113.872456,0xc,1,0,0,7,EwISARIiXA==
1521401113.873418,0x82,0,0,0,8,AAIVAAAUALU=
1521401113.874083,0x81,0,0,0,4,AhUAnA==
1521401113.874737,0x80,0,0,0,4,BRIAmw==
1521401113.876686,0x10,1,0,0,7,jzqOoxMB4w==
1521401113.877752,0xd,1,0,0,7,AAAFAjIWTw==
1521401113.878885,0x11,1,0,0,8,AJVgZAAP71c=
1521401113.879927,0xc,1,0,0,7,EwISARIiXA==
1521401113.884135,0x10,1,0,0,7,jzqOoxMB4w==
1521401113.885196,0xd,1,0,0,7,AAAFAjIWTw==
1521401113.886332,0x11,1,0,0,8,AJVgZAAP71c=
1521401113.887371,0xc,1,0,0,7,EwISARIiXA==
1521401113.891906,0x10,1,0,0,7,jzqOoxMB4w==
1521401113.89297,0xd,1,0,0,7,AAAFAjIWTw==
1521401113.894107,0x11,1,0,0,8,AJVgZAAP71c=
1521401113.895147,0xc,1,0,0,7,EwISARIiXA==
1521401113.899064,0x10,1,0,0,7,jzqOoxMB4w==
1521401113.900122,0xd,1,0,0,7,AAAFAjIWTw==
1521401113.901256,0x11,1,0,0,8,AJVgZAAP71c=
1521401113.902295,0xc,1,0,0,7,EwISARIiXA==
1521401113.906544,0x10,1,0,0,7,jz+OowcB3A==
1521401113.907598,0xd,1,0,0,7,AAAFAjIXUA==
1521401113.908745,0x11,1,0,0,8,AJVgZAAP71c=
1521401113.909782,0xc,1,0,0,7,EwISARIiXA==
1521401113.913998,0x10,1,0,0,7,jz+OowcB3A==
1521401113.915053,0xd,1,0,0,7,AAAFAjIXUA==
1521401113.916189,0x11,1,0,0,8,AJVgZAAP71c=
1521401113.917228,0xc,1,0,0,7,EwISARIiXA==
1521401113.921452,0x10,1,0,0,7,jz+OowcB3A==
1521401113.922508,0xd,1,0,0,7,AAAFAjIXUA==
1521401113.923647,0x11,1,0,0,8,AJVgZAAP71c=
1521401113.924682,0xc,1,0,0,7,EwISARIiXA==
1521401113.928939,0x10,1,0,0,7,jz+OowcB3A==
1521401113.930002,0xd,1,0,0,7,AAAFAjIWTw==
1521401113.931145,0x11,1,0,0,8,AJVgZAAP71c=
1521401113.932193,0xc,1,0,0,7,EwISARIiXA==
1521401113.936422,0x10,1,0,0,7,jz+OowcB3A==
1521401113.937471,0xd,1,0,0,7,AAAFAjIWTw==
1521401113.938609,0x11,1,0,0,8,AJVgZAAP71c=
1521401113.93964,0xc,1,0,0,7,EwISARIiXA==
1521401113.943858,0x10,1,0,0,7,jz+OowcB3A==
1521401113.94492,0xd,1,0,0,7,AAAFAjIWTw==
1521401113.946055,0x11,1,0,0,8,AJVgZAAP71c=
1521401113.947091,0xc,1,0,0,7,EwISARIiXA==
1521401113.951302,0x10,1,0,0,7,jz+OowcB3A==
1521401113.952361,0xd,1,0,0,7,AAAFAjIWTw==
1521401113.953498,0x11,1,0,0,8,AJVgZAAP71c=
1521401113.954538,0xc,1,0,0,7,EwISARIiXA==
1521401113.958759,0x10,1,0,0,7,jz+OowcB3A==
1521401113.959826,0xd,1,0,0,7,AAAFAjIWTw==
1521401113.960962,0x11,1,0,0,8,AJVgZAAP71c=
1521401113.962,0xc,1,0,0,7,EwISARIiXA==
1521401113.966211,0x10,1,0,0,7,jz+OowcB3A==
1521401113.967281,0xd,1,0,0,7,AAAFAjIWTw==
1521401113.96841,0x11,1,0,0,8,AJVgZAAP71c=
1521401113.969449,0xc,1,0,0,7,EwISARIiXA==
1521401113.970428,0x82,0,0,0,8,AAMUAAAUALU=
1521401113.971109,0x81,0,0,0,4,AxQAnA==
1521401113.971783,0x80,0,0,0,4,BhUAnw==
1521401113.974524,0x10,1,0,0,7,jz+OowcB3A==
1521401113.97559,0xd,1,0,0,7,AAAFAjIWTw==
1521401113.976719,0x11,1,0,0,8,AJVgZAAP71c=
1521401113.977756,0xc,1,0,0,7,EwISARIiXA==
1521401113.98113,0x10,1,0,0,7,jz+OowcB3A==
1521401113.982206,0xd,1,0,0,7,AAAFAjIWTw==
1521401113.983348,0x11,1,0,0,8,AJVgZAAP71c=
1521401113.984394,0xc,1,0,0,7,EwISARIiXA==
1521401113.988578,0x10,1,0,0,7,jzqOoxMB4w==
1521401113.989642,0xd,1,0,0,7,AAAFAjIXUA==
1521401113.990793,0x11,1,0,0,8,AJVgZAAP71c=
1521401113.991828,0xc,1,0,0,7,EwISARIiXA==
1521401113.996028,0x10,1,0,0,7,jzqOoxMB4w==
1521401113.997076,0xd,1,0,0,7,AAAFAjIXUA==
1521401113.998211,0x11,1,0,0,8,AJVgZAAP71c=
1521401113.99925,0xc,1,0,0,7,EwISARIiXA==
1521401114.003482,0x10,1,0,0,7,jzqOoxMB4w==
1521401114.004537,0xd,1,0,0,7,AAAFAjIXUA==
1521401114.005682,0x11,1,0,0,8,AJVgZAAP71c=
1521401114.006739,0xc,1,0,0,7,EwISARIiXA==
1521401114.010988,0x10,1,0,0,7,jzqOoxMB4w==
1521401114.012054,0xd,1,0,0,7,AAAFAjIWTw==
1521401114.013178,0x11,1,0,0,8,AJVgZAAP71c=
1521401114.014226,0xc,1,0,0,7,EwISARIiXA==
1521401114.018421,0x10,1,0,0,7,jzqOoxMB4w==
1521401114.019475,0xd,1,0,0,7,AAAFAjIWTw==
1521401114.020626,0x11,1,0,0,8,AJVgZAAP71c=
1521401114.021664,0xc,1,0,0,7,EwISARIiXA==
1521401114.025868,0x10,1,0,0,7,jzqOoxMB4w==
1521401114.026949,0xd,1,0,0,7,AAAFAjIWTw==
1521401114.028079,0x11,1,0,0,8,AJVgZAAP71c=
1521401114.029111,0xc,1,0,0,7,EwISARIiXA==
1521401114.033324,0x10,1,0,0,7,jzqOoxMB4w==
1521401114.034379,0xd,1,0,0,7,AAAFAjIWTw==
1521401114.035515,0x11,1,0,0,8,AJVgZAAP71c=
1521401114.036554,0xc,1,0,0,7,EwISARIiXA==
1521401114.040778,0x10,1,0,0,7,jzqOoxMB4w==
1521401114.041861,0xd,1,0,0,7,AAAFAjIWTw==
1521401114.042987,0x11,1,0,0,8,AJVgZAAP71c=
1521401114.044021,0xc,1,0,0,7,EwISARIiXA==
1521401114.048256,0x10,1,0,0,7,jzqOoxMB4w==
1521401114.049324,0xd,1,0,0,7,AAAFAjIWTw==
1521401114.050468,0x11,1,0,0,8,AJVgZAAP71c=
1521401114.051516,0xc,1,0,0,7,EwISARIiXA==
1521401114.055743,0x10,1,0,0,7,jzqOoxMB4w==
1521401114.056811,0xd,1,0,0,7,AAAFAjIWTw==
1521401114.057964,0x11,1,0,0,8,AJVgZAAP71c=
1521401114.059007,0xc,1,0,0,7,EwISARIiXA==
1521401114.063161,0x10,1,0,0,7,jzqOoxMB4w==
1521401114.064223,0xd,1,0,0,7,AAAFAjIWTw==
1521401114.065375,0x11,1,0,0,8,AJVgZAAP71c=
1521401114.066404,0xc,1,0,0,7,EwISARIiXA==
1521401114.070909,0x10,1,0,0,7,jzqOoxMB4w==
1521401114.071971,0xd,1,0,0,7,AAAFAjIWTw==
1521401114.073106,0x11,1,0,0,8,AJVgZAAP71c=
1521401114.074147,0xc,1,0,0,7,EwISARIiXA==
1521401114.075122,0x82,0,0,0,8,AAQTAAAUALU=
1521401114.075786,0x81,0,0,0,4,BBMAnA==
1521401114.076449,0x80,0,0,0,4,BRIAmw==
1521401114.078083,0x10,1,0,0,7,jzqOoxMB4w==
1521401114.079137,0xd,1,0,0,7,AAAFAjIWTw==
1521401114.080273,0x11,1,0,0,8,AJVgZAAP71c=
1521401114.081313,0xc,1,0,0,7,EwISARIiXA==
1521401114.082296,0x7e3,0,0,0,8,AgEBAAAAAAA=
1521401114.08553,0x10,1,0,0,7,jzqOoxMB4w==
1521401114.086592,0xd,1,0,0,7,AAAFAjIWTw==
1521401114.087728,0x11,1,0,0,8,AJVgZAAP71c=
1521401114.088767,0xc,1,0,0,7,EwISARIiXA==
1521401114.092991,0x10,1,0,0,7,jzqOoxMB4w==
1521401114.094055,0xd,1,0,0,7,AAAFAjIWTw==
1521401114.095191,0x11,1,0,0,8,AJVgZAAP71c=
1521401114.096238,0xc,1,0,0,7,EwISARIiXA==
1521401114.100478,0x10,1,0,0,7,jzqOoxMB4w==
1521401114.101559,0xd,1,0,0,7,AAAFAjIWTw==
1521401114.102701,0x11,1,0,0,8,AJVgZAAP71c=
1521401114.103756,0xc,1,0,0,7,EwISARIiXA==
1521401114.104739,0x7eb,0,0,0,8,A0EBAAAAAAA=
1521401114.107927,0x10,1,0,0,7,jzqOoxMB4w==
1521401114.108988,0xd,1,0,0,7,AAAFAjIWTw==
1521401114.110123,0x11,1,0,0,8,AJVgZAAP71c=
1521401114.11117,0xc,1,0,0,7,EwISARIiXA==
1521401114.11537,0x10,1,0,0,7,jzqOoxMB4w==
1521401114.116449,0xd,1,0,0,7,AAAFAjIWTw==
1521401114.117585,0x11,1,0,0,8,AJVgZAAP71c=
1521401114.118627,0xc,1,0,0,7,EwISARIiXA==
1521401114.122833,0x10,1,0,0,7,jzqOoxMB4w==
1521401114.123896,0xd,1,0,0,7,AAAFAjIWTw==
1521401114.125043,0x11,1,0,0,8,AJVgZAAP71c=
1521401114.126086,0xc,1,0,0,7,EwISARIiXA==
1521401114.130297,0x10,1,0,0,7,jzqOoxMB4w==
1521401114.131357,0xd,1,0,0,7,AAAFAjIWTw==
1521401114.132494,0x11,1,0,0,8,AJVgZAAP71c=
1521401114.133538,0xc,1,0,0,7,EwISARIiXA==
1521401114.137767,0x10,1,0,0,7,jzqOoxMB4w==
1521401114.138843,0xd,1,0,0,7,AAAFAjIWTw==
1521401114.139987,0x11,1,0,0,8,AJVgZAAP71c=
1521401114.141032,0xc,1,0,0,7,EwISARIiXA==
1521401114.145248,0x10,1,0,0,7,jzqOoxMB4w==
1521401114.146298,0xd,1,0,0,7,AAAFAjIWTw==
1521401114.147429,0x11,1,0,0,8,AJVgZAAP71c=
1521401114.148478,0xc,1,0,0,7,EwISARIiXA==
1521401114.152671,0x10,1,0,0,7,jzqOoxMB4w==
1521401114.153733,0xd,1,0,0,7,AAAFAjIWTw==
1521401114.154869,0x11,1,0,0,8,AJVgZAAP71c=
1521401114.155909,0xc,1,0,0,7,EwISARIiXA==
1521401114.160137,0x10,1,0,0,7,jzqOoxMB4w==
1521401114.1612,0xd,1,0,0,7,AAAFAjIWTw==
1521401114.162339,0x11,1,0,0,8,AJVgZAAP71c=
1521401114.163382,0xc,1,0,0,7,EwISARIiXA==
1521401114.167583,0x10,1,0,0,7,jzqOoxMB4w==
1521401114.168659,0xd,1,0,0,7,AAAFAjIWTw==
1521401114.169787,0x11,1,0,0,8,AJVgZAAP71c=
1521401114.170825,0xc,1,0,0,7,EwISARIiXA==
1521401114.173663,0x80,0,0,0,4,BhUAnw==
1521401114.174623,0x82,0,0,0,8,AAUTAAAUALY=
1521401114.175661,0x10,1,0,0,7,jzqOoxMB4w==
1521401114.176721,0xd,1,0,0,7,AAAFAjIWTw==
1521401114.177856,0x11,1,0,0,8,AJVgZAAP71c=
1521401114.178897,0xc,1,0,0,7,EwISARIiXA==
1521401114.179557,0x81,0,0,0,4,BRMAnQ==
1521401114.183492,0x10,1,0,0,7,jzqOoxMB4w==
1521401114.18455,0xd,1,0,0,7,AAAFAjIWTw==
1521401114.185688,0x11,1,0,0,8,AJVgZAAP71c=
1521401114.18673,0xc,1,0,0,7,EwISARIiXA==
1521401114.189992,0x10,1,0,0,7,jzqOoxMB4w==
1521401114.191054,0xd,1,0,0,7,AAAFAjIWTw==
1521401114.192194,0x11,1,0,0,8,AJVgZAAP71c=
1521401114.193225,0xc,1,0,0,7,EwISARIiXA==
1521401114.197425,0x10,1,0,0,7,jzqOoxMB4w==
1521401114.198496,0xd,1,0,0,7,AAAFAjIWTw==
1521401114.199633,0x11,1,0,0,8,AJVgZAAP71c=
1521401114.200671,0xc,1,0,0,7,EwISARIiXA==
1521401114.204901,0x10,1,0,0,7,jzqOoxMB4w==
1521401114.205968,0xd,1,0,0,7,AAAFAjIWTw==
1521401114.207083,0x11,1,0,0,8,AJVgZAAP71c=
1521401114.208124,0xc,1,0,0,7,EwISARIiXA==
1521401114.212354,0x10,1,0,0,7,jzqOoxMB4w==
1521401114.213416,0xd,1,0,0,7,AAAFAjIWTw==
1521401114.21458,0x11,1,0,0,8,AJVgZAAP71c=
1521401114.215606,0xc,1,0,0,7,EwISARIiXA==
1521401114.219798,0x10,1,0,0,7,jzqOoxMB4w==
1521401114.220871,0xd,1,0,0,7,AAAFAjIWTw==
1521401114.222022,0x11,1,0,0,8,AJVgZAAP71c=
1521401114.223072,0xc,1,0,0,7,EwISARIiXA==
1521401114.227313,0x10,1,0,0,7,jz+OowcB3A==
1521401114.228369,0xd,1,0,0,7,AAAFAjIXUA==
1521401114.229521,0x11,1,0,0,8,AJVgZAAP71c=
1521401114.230569,0xc,1,0,0,7,EwISARIiXA==
1521401114.234752,0x10,1,0,0,7,jz+OowcB3A==
1521401114.235817,0xd,1,0,0,7,AAAFAjIXUA==
1521401114.236952,0x11,1,0,0,8,AJVgZAAP71c=
1521401114.237994,0xc,1,0,0,7,EwISARIiXA==
1521401114.242225,0x10,1,0,0,7,jz+OowcB3A==
1521401114.243267,0xd,1,0,0,7,AAAFAjIXUA==
1521401114.244401,0x11,1,0,0,8,AJVgZAAP71c=
1521401114.245446,0xc,1,0,0,7,EwISARIiXA==
1521401114.249665,0x10,1,0,0,7,jz+OowcB3A==
1521401114.250728,0xd,1,0,0,7,AAAFAjIXUA==
1521401114.251857,0x11,1,0,0,8,AJVgZAAP71c=
1521401114.252895,0xc,1,0,0,7,EwISARIiXA==
1521401114.257122,0x10,1,0,0,7,jz+OowcB3A==
1521401114.258174,0xd,1,0,0,7,AAAFAjIXUA==
1521401114.25932,0x11,1,0,0,8,AJVgZAAP71c=
1521401114.260367,0xc,1,0,0,7,EwISARIiXA==
1521401114.264834,0x10,1,0,0,7,jzqOoxMB4w==
1521401114.265891,0xd,1,0,0,7,AAAFAjIWTw==
1521401114.267026,0x11,1,0,0,8,AJVgZAAP71c=
1521401114.268072,0xc,1,0,0,7,EwISARIiXA==
1521401114.272664,0x10,1,0,0,7,jzqOoxMB4w==
1521401114.273727,0xd,1,0,0,7,AAAFAjIWTw==
1521401114.274863,0x11,1,0,0,8,AJVgZAAP71c=
1521401114.275925,0xc,1,0,0,7,EwISARIiXA==
1521401114.278959,0x80,0,0,0,4,BRIAmw==
1521401114.27999,0x10,1,0,0,7,jzqOoxMB4w==
1521401114.281054,0xd,1,0,0,7,AAAFAjIWTw==
1521401114.28219,0x11,1,0,0,8,AJVgZAAP71c=
1521401114.28323,0xc,1,0,0,7,EwISARIiXA==
1521401114.284213,0x82,0,0,0,8,AAYUAAAUALg=
1521401114.284885,0x81,0,0,0,4,BhQAnw==
1521401114.286934,0x10,1,0,0,7,jzqOoxMB4w==
1521401114.287996,0xd,1,0,0,7,AAAFAjIWTw==
1521401114.289132,0x11,1,0,0,8,AJVgZAAP71c=
1521401114.290172,0xc,1,0,0,7,EwISARIiXA==
1521401114.294389,0x10,1,0,0,7,jzqOoxMB4w==
1521401114.295452,0xd,1,0,0,7,AAAFAjIWTw==
1521401114.296595,0x11,1,0,0,8,AJVgZAAP71c=
1521401114.297634,0xc,1,0,0,7,EwISARIiXA==
1521401114.301858,0x10,1,0,0,7,jzqOoxMB4w==
1521401114.302922,0xd,1,0,0,7,AAAFAjIWTw==
1521401114.304073,0x11,1,0,0,8,AJVgZAAP71c=
1521401114.305105,0xc,1,0,0,7,EwISARIiXA==
1521401114.309339,0x10,1,0,0,7,jzqOoxMB4w==
1521401114.310392,0xd,1,0,0,7,AAAFAjIWTw==
1521401114.311528,0x11,1,0,0,8,AJVgZAAP71c=
1521401114.312575,0xc,1,0,0,7,EwISARIiXA==
1521401114.316776,0x10,1,0,0,7,jzqOoxMB4w==
1521401114.317841,0xd,1,0,0,7,AAAFAjIWTw==
1521401114.318974,0x11,1,0,0,8,AJVgZAAP71c=
1521401114.320028,0xc,1,0,0,7,EwISARIiXA==
1521401114.324268,0x10,1,0,0,7,jzqOoxMB4w==
1521401114.325324,0xd,1,0,0,7,AAAFAjIWTw==
1521401114.326461,0x11,1,0,0,8,AJVgZAAP71c=
1521401114.327492,0xc,1,0,0,7,EwISARIiXA==
1521401114.331706,0x10,1,0,0,7,jzqOoxMB4w==
1521401114.332752,0xd,1,0,0,7,AAAFAjIWTw==
1521401114.333891,0x11,1,0,0,8,AJVgZAAP71c=
1521401114.334926,0xc,1,0,0,7,EwISARIiXA==
1521401114.339152,0x10,1,0,0,7,jzqOoxMB4w==
1521401114.340213,0xd,1,0,0,7,AAAFAjIWTw==
1521401114.341348,0x11,1,0,0,8,AJVgZAAP71c=
1521401114.342396,0xc,1,0,0,7,EwISARIiXA==
1521401114.346634,0x10,1,0,0,7,jzqOoxMB4w==
1521401114.347688,0xd,1,0,0,7,AAAFAjIWTw==
1521401114.348823,0x11,1,0,0,8,AJVgZAAP71c=
1521401114.349872,0xc,1,0,0,7,EwISARIiXA==
1521401114.354084,0x10,1,0,0,7,jzqOoxMB4w==
1521401114.35515,0xd,1,0,0,7,AAAFAjIWTw==
1521401114.356293,0x11,1,0,0,8,AJVgZAAP71c=
1521401114.357332,0xc,1,0,0,7,EwISARIiXA==
1521401114.361537,0x10,1,0,0,7,jzqOoxMB4w==
1521401114.362599,0xd,1,0,0,7,AAAFAjIWTw==
1521401114.363742,0x11,1,0,0,8,AJVgZAAP71c=
1521401114.364785,0xc,1,0,0,7,EwISARIiXA==
1521401114.368985,0x10,1,0,0,7,jzqOoxMB4w==
1521401114.370057,0xd,1,0,0,7,AAAFAjIWTw==
1521401114.371182,0x11,1,0,0,8,AJVgZAAP71c=
1521401114.372223,0xc,1,0,0,7,EwISARIiXA==
1521401114.376449,0x10,1,0,0,7,jzqOoxMB4w==
1521401114.377506,0xd,1,0,0,7,AAAFAjIWTw==
1521401114.378656,0x11,1,0,0,8,AJVgZAAP71c=
1521401114.379624,0x82,0,0,0,8,AAcUAAAUALk=
1521401114.380671,0xc,1,0,0,7,EwISARIiXA==
1521401114.381349,0x81,0,0,0,4,BxQAoA==
1521401114.382016,0x80,0,0,0,4,BhUAnw==
1521401114.38391,0x10,1,0,0,7,jzqOoxMB4w==
1521401114.384982,0xd,1,0,0,7,AAAFAjIWTw==
1521401114.38612,0x11,1,0,0,8,AJVgZAAP71c=
1521401114.387159,0xc,1,0,0,7,EwISARIiXA==
1521401114.391518,0x10,1,0,0,7,jzqOoxMB4w==
1521401114.392583,0xd,1,0,0,7,AAAFAjIWTw==
1521401114.39374,0x11,1,0,0,8,AJVgZAAP71c=
1521401114.394767,0xc,1,0,0,7,EwISARIiXA==
1521401114.399119,0x10,1,0,0,7,jzqOoxMB4w==
1521401114.400186,0xd,1,0,0,7,AAAFAjIWTw==
1521401114.401318,0x11,1,0,0,8,AJVgZAAP71c=
1521401114.402366,0xc,1,0,0,7,EwISARIiXA==
1521401114.406286,0x10,1,0,0,7,jzqOoxMB4w==
1521401114.407344,0xd,1,0,0,7,AAAFAjIWTw==
1521401114.408479,0x11,1,0,0,8,AJVgZAAP71c=
1521401114.409519,0xc,1,0,0,7,EwISARIiXA==
1521401114.413739,0x10,1,0,0,7,jzqOoxMB4w==
1521401114.414805,0xd,1,0,0,7,AAAFAjIWTw==
1521401114.415974,0x11,1,0,0,8,AJVgZAAP71c=
1521401114.416978,0xc,1,0,0,7,EwISARIiXA==
1521401114.421192,0x10,1,0,0,7,jzqOoxMB4w==
1521401114.422256,0xd,1,0,0,7,AAAFAjIWTw==
1521401114.423403,0x11,1,0,0,8,AJVgZAAP71c=
1521401114.424439,0xc,1,0,0,7,EwISARIiXA==
1521401114.428703,0x10,1,0,0,7,jzqOoxMB4w==
1521401114.429749,0xd,1,0,0,7,AAAFAjIWTw==
1521401114.430879,0x11,1,0,0,8,AJVgZAAP71c=
1521401114.431929,0xc,1,0,0,7,EwISARIiXA==
1521401114.436135,0x10,1,0,0,7,jzqOoxMB4w==
1521401114.437195,0xd,1,0,0,7,AAAFAjIWTw==
1521401114.438326,0x11,1,0,0,8,AJVgZAAP71c=
1521401114.439374,0xc,1,0,0,7,EwISARIiXA==
1521401114.443594,0x10,1,0,0,7,jzqOoxMB4w==
1521401114.444653,0xd,1,0,0,7,AAAFAjIWTw==
1521401114.44579,0x11,1,0,0,8,AJVgZAAP71c=
1521401114.446827,0xc,1,0,0,7,EwISARIiXA==
1521401114.451053,0x10,1,0,0,7,jzqOoxMB4w==
1521401114.452108,0xd,1,0,0,7,AAAFAjIWTw==
1521401114.453234,0x11,1,0,0,8,AJVgZAAP71c=
1521401114.454274,0xc,1,0,0,7,EwISARIiXA==
1521401114.458489,0x10,1,0,0,7,jzqOoxMB4w==
1521401114.459551,0xd,1,0,0,7,AAAFAjIWTw==
1521401114.460687,0x11,1,0,0,8,AJVgZAAP71c=
1521401114.461743,0xc,1,0,0,7,EwISARIiXA==
1521401114.465961,0x10,1,0,0,7,jzqOoxMB4w==
1521401114.467022,0xd,1,0,0,7,AAAFAjIWTw==
1521401114.468158,0x11,1,0,0,8,AJVgZAAP71c=
1521401114.469197,0xc,1,0,0,7,EwISARIiXA==
1521401114.474108,0x10,1,0,0,7,jzqOoxMB4w==
1521401114.475178,0xd,1,0,0,7,AAAFAjIWTw==
1521401114.476314,0x11,1,0,0,8,AJVgZAAP71c=
1521401114.477348,0xc,1,0,0,7,EwISARIiXA==
1521401114.481708,0x10,1,0,0,7,jzqOoxMB4w==
1521401114.482771,0xd,1,0,0,7,AAAFAjIWTw==
1521401114.483915,0x11,1,0,0,8,AJVgZAAP71c=
1521401114.48489,0x82,0,0,0,8,AAgUAAAUALo=
1521401114.485939,0xc,1,0,0,7,EwISARIiXA==
1521401114.486602,0x81,0,0,0,4,CBQAoQ==
1521401114.487266,0x80,0,0,0,4,BRIAmw==
1521401114.488362,0x10,1,0,0,7,jz+OowcB3A==
1521401114.489426,0xd,1,0,0,7,AAAFAjIXUA==
1521401114.490562,0x11,1,0,0,8,AJVgZAAP71c=
1521401114.491601,0xc,1,0,0,7,EwISARIiXA==
1521401114.495809,0x10,1,0,0,7,jz+OowcB3A==
1521401114.496864,0xd,1,0,0,7,AAAFAjIXUA==
1521401114.497999,0x11,1,0,0,8,AJVgZAAP71c=
1521401114.499051,0xc,1,0,0,7,EwISARIiXA==
1521401114.503272,0x10,1,0,0,7,jz+OowcB3A==
1521401114.504326,0xd,1,0,0,7,AAAFAjIXUA==
1521401114.505462,0x11,1,0,0,8,AJVgZAAP71c=
1521401114.506509,0xc,1,0,0,7,EwISARIiXA==
1521401114.510768,0x10,1,0,0,7,jz+OowcB3A==
1521401114.511864,0xd,1,0,0,7,AAAFAjIWTw==
1521401114.512996,0x11,1,0,0,8,AJVgZAAP71c=
1521401114.514055,0xc,1,0,0,7,EwISARIiXA==
1521401114.518214,0x10,1,0,0,7,jz+OowcB3A==
1521401114.519269,0xd,1,0,0,7,AAAFAjIWTw==
1521401114.520409,0x11,1,0,0,8,AJVgZAAP71c=
1521401114.521452,0xc,1,0,0,7,EwISARIiXA==
1521401114.52567,0x10,1,0,0,7,jz+OowcB3A==
1521401114.526735,0xd,1,0,0,7,AAAFAjIWTw==
1521401114.52787,0x11,1,0,0,8,AJVgZAAP71c=
1521401114.528908,0xc,1,0,0,7,EwISARIiXA==
1521401114.533108,0x10,1,0,0,7,jz+OowcB3A==
1521401114.53419,0xd,1,0,0,7,AAAFAjIWTw==
1521401114.535309,0x11,1,0,0,8,AJVgZAAP71c=
1521401114.536345,0xc,1,0,0,7,EwISARIiXA==
1521401114.540567,0x10,1,0,0,7,jz+OowcB3A==
1521401114.541631,0xd,1,0,0,7,AAAFAjIWTw==
1521401114.542766,0x11,1,0,0,8,AJVgZAAP71c=
1521401114.543814,0xc,1,0,0,7,EwISARIiXA==
1521401114.548061,0x10,1,0,0,7,jz+OowcB3A==
1521401114.549101,0xd,1,0,0,7,AAAFAjIWTw==
1521401114.55024,0x11,1,0,0,8,AJVgZAAP71c=
1521401114.551282,0xc,1,0,0,7,EwISARIiXA==
1521401114.555519,0x10,1,0,0,7,jz+OowcB3A==
1521401114.556577,0xd,1,0,0,7,AAAFAjIWTw==
1521401114.557719,0x11,1,0,0,8,AJVgZAAP71c=
1521401114.55876,0xc,1,0,0,7,EwISARIiXA==
1521401114.562964,0x10,1,0,0,7,jz+OowcB3A==
1521401114.564028,0xd,1,0,0,7,AAAFAjIWTw==
1521401114.565165,0x11,1,0,0,8,AJVgZAAP71c=
1521401114.566209,0xc,1,0,0,7,EwISARIiXA==
1521401114.571289,0x10,1,0,0,7,jz+OowcB3A==
1521401114.572345,0xd,1,0,0,7,AAAFAjIWTw==
1521401114.573479,0x11,1,0,0,8,AJVgZAAP71c=
1521401114.57452,0xc,1,0,0,7,EwISARIiXA==
1521401114.578879,0x10,1,0,0,7,jz+OowcB3A==
1521401114.57996,0xd,1,0,0,7,AAAFAjIWTw==
1521401114.581093,0x11,1,0,0,8,AJVgZAAP71c=
1521401114.582144,0xc,1,0,0,7,EwISARIiXA==
1521401114.583567,0x80,0,0,0,4,BhUAnw==
1521401114.58454,0x82,0,0,0,8,AAkUAAAUALs=
1521401114.585596,0x10,1,0,0,7,jz+OowcB3A==
1521401114.586653,0xd,1,0,0,7,AAAFAjIWTw==
1521401114.587789,0x11,1,0,0,8,AJVgZAAP71c=
1521401114.58883,0xc,1,0,0,7,EwISARIiXA==
1521401114.589509,0x81,0,0,0,4,CRQAog==
1521401114.59278,0x10,1,0,0,7,jz+OowcB3A==
1521401114.593846,0xd,1,0,0,7,AAAFAjIWTw==
1521401114.594985,0x11,1,0,0,8,AJVgZAAP71c=
1521401114.596023,0xc,1,0,0,7,EwISARIiXA==
1521401114.600271,0x10,1,0,0,7,jz+OowcB3A==
1521401114.601343,0xd,1,0,0,7,AAAFAjIWTw==
1521401114.602479,0x11,1,0,0,8,AJVgZAAP71c=
1521401114.603526,0xc,1,0,0,7,EwISARIiXA==
1521401114.607684,0x10,1,0,0,7,jzqOoxMB4w==
1521401114.608736,0xd,1,0,0,7,AAAFAjIWTw==
1521401114.609874,0x11,1,0,0,8,AJVgZAAP71c=
1521401114.610911,0xc,1,0,0,7,EwISARIiXA==
1521401114.615135,0x10,1,0,0,7,jzqOoxMB4w==
1521401114.616199,0xd,1,0,0,7,AAAFAjIWTw==
1521401114.617344,0x11,1,0,0,8,AJVgZAAP71c=
1521401114.618389,0xc,1,0,0,7,EwISARIiXA==
1521401114.622597,0x10,1,0,0,7,jzqOoxMB4w==
1521401114.623658,0xd,1,0,0,7,AAAFAjIWTw==
1521401114.624793,0x11,1,0,0,8,AJVgZAAP71c=
1521401114.625839,0xc,1,0,0,7,EwISARIiXA==
1521401114.630066,0x10,1,0,0,7,jzqOoxMB4w==
1521401114.631118,0xd,1,0,0,7,AAAFAjIWTw==
1521401114.632263,0x11,1,0,0,8,AJVgZAAP71c=
1521401114.633308,0xc,1,0,0,7,EwISARIiXA==
1521401114.637531,0x10,1,0,0,7,jzqOoxMB4w==
1521401114.638591,0xd,1,0,0,7,AAAFAjIWTw==
1521401114.639726,0x11,1,0,0,8,AJVgZAAP71c=
1521401114.640771,0xc,1,0,0,7,EwISARIiXA==
1521401114.644998,0x10,1,0,0,7,jzqOoxMB4w==
1521401114.64608,0xd,1,0,0,7,AAAFAjIWTw==
1521401114.647208,0x11,1,0,0,8,AJVgZAAP71c=
1521401114.648256,0xc,1,0,0,7,EwISARIiXA==
1521401114.652431,0x10,1,0,0,7,jzqOoxMB4w==
1521401114.653503,0xd,1,0,0,7,AAAFAjIWTw==
1521401114.654656,0x11,1,0,0,8,AJVgZAAP71c=
1521401114.655695,0xc,1,0,0,7,EwISARIiXA==
1521401114.659893,0x10,1,0,0,7,jzqOoxMB4w==
1521401114.660972,0xd,1,0,0,7,AAAFAjIWTw==
1521401114.662109,0x11,1,0,0,8,AJVgZAAP71c=
1521401114.663148,0xc,1,0,0,7,EwISARIiXA==
1521401114.667348,0x10,1,0,0,7,jzqOoxMB4w==
1521401114.668411,0xd,1,0,0,7,AAAFAjIWTw==
1521401114.669547,0x11,1,0,0,8,AJVgZAAP71c=
1521401114.670586,0xc,1,0,0,7,EwISARIiXA==
1521401114.674804,0x10,1,0,0,7,jzqOoxMB4w==
1521401114.675866,0xd,1,0,0,7,AAAFAjIWTw==
1521401114.677001,0x11,1,0,0,8,AJVgZAAP71c=
1521401114.678041,0xc,1,0,0,7,EwISARIiXA==
1521401114.682488,0x10,1,0,0,7,jzqOoxMB4w==
1521401114.683552,0xd,1,0,0,7,AAAFAjIWTw==
1521401114.684695,0x11,1,0,0,8,AJVgZAAP71c=
1521401114.685729,0xc,1,0,0,7,EwISARIiXA==
1521401114.690087,0x10,1,0,0,7,jzqOoxMB4w==
1521401114.691056,0x82,0,0,0,8,AAoUAAAUALw=
1521401114.692118,0xd,1,0,0,7,AAAFAjIWTw==
1521401114.692782,0x81,0,0,0,4,ChQAow==
1521401114.693925,0x11,1,0,0,8,AJVgZAAP71c=
1521401114.694957,0xc,1,0,0,7,EwISARIiXA==
1521401114.695622,0x80,0,0,0,4,BRIAmw==
1521401114.697182,0x10,1,0,0,7,jzqOoxMB4w==
1521401114.698237,0xd,1,0,0,7,AAAFAjIXUA==
1521401114.699373,0x11,1,0,0,8,AJVgZAAP71c=
1521401114.70042,0xc,1,0,0,7,EwISARIiXA==
1521401114.704691,0x10,1,0,0,7,jzqOoxMB4w==
1521401114.705717,0xd,1,0,0,7,AAAFAjIXUA==
1521401114.70685,0x11,1,0,0,8,AJVgZAAP71c=
1521401114.707887,0xc,1,0,0,7,EwISARIiXA==
1521401114.712108,0x10,1,0,0,7,jzqOoxMB4w==
1521401114.713157,0xd,1,0,0,7,AAAFAjIXUA==
1521401114.714304,0x11,1,0,0,8,AJVgZAAP71c=
1521401114.715354,0xc,1,0,0,7,EwISARIiXA==
1521401114.719568,0x10,1,0,0,7,jzqOoxMB4w==
1521401114.720627,0xd,1,0,0,7,AAAFAjIXUA==
1521401114.721763,0x11,1,0,0,8,AJVgZAAP71c=
1521401114.72282,0xc,1,0,0,7,EwISARIiXA==
1521401114.727056,0x10,1,0,0,7,jzqOoxMB4w==
1521401114.728103,0xd,1,0,0,7,AAAFAjIXUA==
1521401114.729246,0x11,1,0,0,8,AJVgZAAP71c=
1521401114.730286,0xc,1,0,0,7,EwISARIiXA==
1521401114.734478,0x10,1,0,0,7,jzqOoxMB4w==
1521401114.735534,0xd,1,0,0,7,AAAFAjIXUA==
1521401114.736676,0x11,1,0,0,8,AJVgZAAP71c=
1521401114.73774,0xc,1,0,0,7,EwISARIiXA==
1521401114.742101,0x10,1,0,0,7,jzqOoxMB4w==
1521401114.743054,0xd,1,0,0,7,AAAFAjIXUA==
1521401114.744168,0x11,1,0,0,8,AJVgZAAP71c=
1521401114.74519,0xc,1,0,0,7,EwISARIiXA==
1521401114.749403,0x10,1,0,0,7,jzqOoxMB4w==
1521401114.750463,0xd,1,0,0,7,AAAFAjIXUA==
1521401114.751591,0x11,1,0,0,8,AJVgZAAP71c=
1521401114.752632,0xc,1,0,0,7,EwISARIiXA==
1521401114.756864,0x10,1,0,0,7,jzqOoxMB4w==
1521401114.757916,0xd,1,0,0,7,AAAFAjIXUA==
1521401114.759052,0x11,1,0,0,8,AJVgZAAP71c=
1521401114.760093,0xc,1,0,0,7,EwISARIiXA==
1521401114.764344,0x10,1,0,0,7,jzqOoxMB4w==
1521401114.765414,0xd,1,0,0,7,AAAFAjIXUA==
1521401114.766528,0x11,1,0,0,8,AJVgZAAP71c=
1521401114.767566,0xc,1,0,0,7,EwISARIiXA==
1521401114.772759,0x10,1,0,0,7,jzqOoxMB4w==
1521401114.773834,0xd,1,0,0,7,AAAFAjIXUA==
1521401114.774957,0x11,1,0,0,8,AJVgZAAP71c=
1521401114.775995,0xc,1,0,0,7,EwISARIiXA==
1521401114.779239,0x10,1,0,0,7,jzqOoxMB4w==
1521401114.780293,0xd,1,0,0,7,AAAFAjIXUA==
1521401114.781438,0x11,1,0,0,8,AJVgZAAP71c=
1521401114.782478,0xc,1,0,0,7,EwISARIiXA==
1521401114.786702,0x10,1,0,0,7,jzqOoxMB4w==
1521401114.787751,0xd,1,0,0,7,AAAFAjIXUA==
1521401114.788886,0x11,1,0,0,8,AJVgZAAP71c=
1521401114.789929,0xc,1,0,0,7,EwISARIiXA==
1521401114.790899,0x82,0,0,0,8,AAsTAAAUALw=
1521401114.791549,0x81,0,0,0,4,CxMAow==
1521401114.792218,0x80,0,0,0,4,BhUAnw==
1521401114.794157,0x10,1,0,0,7,jzqOoxMB4w==
1521401114.795219,0xd,1,0,0,7,AAAFAjIXUA==
1521401114.79635,0x11,1,0,0,8,AJVgZAAP71c=
1521401114.79739,0xc,1,0,0,7,EwISARIiXA==
1521401114.801613,0x10,1,0,0,7,jzqOoxMB4w==
1521401114.802676,0xd,1,0,0,7,AAAFAjIXUA==
1521401114.80382,0x11,1,0,0,8,AJVgZAAP71c=
1521401114.804859,0xc,1,0,0,7,EwISARIiXA==
1521401114.809138,0x10,1,0,0,7,jz+OowcB3A==
1521401114.810189,0xd,1,0,0,7,AAAFAjIWTw==
1521401114.811322,0x11,1,0,0,8,AJVgZAAP71c=
1521401114.812361,0xc,1,0,0,7,EwISARIiXA==
1521401114.816568,0x10,1,0,0,7,jz+OowcB3A==
1521401114.817641,0xd,1,0,0,7,AAAFAjIWTw==
1521401114.818792,0x11,1,0,0,8,AJVgZAAP71c=
1521401114.819832,0xc,1,0,0,7,EwISARIiXA==
1521401114.824027,0x10,1,0,0,7,jz+OowcB3A==
1521401114.825096,0xd,1,0,0,7,AAAFAjIWTw==
1521401114.826239,0x11,1,0,0,8,AJVgZAAP71c=
1521401114.827275,0xc,1,0,0,7,EwISARIiXA==
1521401114.831476,0x10,1,0,0,7,jz+OowcB3A==
1521401114.83254,0xd,1,0,0,7,AAAFAjIWTw==
1521401114.833678,0x11,1,0,0,8,AJVgZAAP71c=
1521401114.834711,0xc,1,0,0,7,EwISARIiXA==
1521401114.838938,0x10,1,0,0,7,jz+OowcB3A==
1521401114.839998,0xd,1,0,0,7,AAAFAjIWTw==
1521401114.841134,0x11,1,0,0,8,AJVgZAAP71c=
1521401114.842177,0xc,1,0,0,7,EwISARIiXA==
1521401114.84639,0x10,1,0,0,7,jzqOoxMB4w==
1521401114.847461,0xd,1,0,0,7,AAAFAjIWTw==
1521401114.848612,0x11,1,0,0,8,AJVgZAAP71c=
1521401114.84966,0xc,1,0,0,7,EwISARIiXA==
1521401114.853828,0x10,1,0,0,7,jzqOoxMB4w==
1521401114.854893,0xd,1,0,0,7,AAAFAjIWTw==
1521401114.856027,0x11,1,0,0,8,AJVgZAAP71c=
1521401114.857075,0xc,1,0,0,7,EwISARIiXA==
1521401114.86129,0x10,1,0,0,7,jzqOoxMB4w==
1521401114.862353,0xd,1,0,0,7,AAAFAjIWTw==
1521401114.863497,0x11,1,0,0,8,AJVgZAAP71c=
1521401114.864529,0xc,1,0,0,7,EwISARIiXA==
1521401114.868762,0x10,1,0,0,7,jzqOoxMB4w==
1521401114.869811,0xd,1,0,0,7,AAAFAjIWTw==
1521401114.870944,0x11,1,0,0,8,AJVgZAAP71c=
1521401114.871983,0xc,1,0,0,7,EwISARIiXA==
1521401114.876208,0x10,1,0,0,7,jzqOoxMB4w==
1521401114.87727,0xd,1,0,0,7,AAAFAjIWTw==
1521401114.878407,0x11,1,0,0,8,AJVgZAAP71c=
1521401114.879445,0xc,1,0,0,7,EwISARIiXA==
1521401114.883663,0x10,1,0,0,7,jzqOoxMB4w==
1521401114.884732,0xd,1,0,0,7,AAAFAjIWTw==
1521401114.885885,0x11,1,0,0,8,AJVgZAAP71c=
1521401114.886923,0xc,1,0,0,7,EwISARIiXA==
1521401114.891535,0x10,1,0,0,7,jzqOoxMB4w==
1521401114.892604,0xd,1,0,0,7,AAAFAjIWTw==
1521401114.893728,0x11,1,0,0,8,AJVgZAAP71c=
1521401114.894765,0xc,1,0,0,7,EwISARIiXA==
1521401114.895626,0x80,0,0,0,4,BRIAmw==
1521401114.896601,0x82,0,0,0,8,AAwSAAAUALw=
1521401114.897262,0x81,0,0,0,4,DBIAow==
1521401114.899456,0x10,1,0,0,7,jzqOoxMB4w==
1521401114.900512,0xd,1,0,0,7,AAAFAjIWTw==
1521401114.901656,0x11,1,0,0,8,AJVgZAAP71c=
1521401114.9027,0xc,1,0,0,7,EwISARIiXA==
1521401114.906081,0x10,1,0,0,7,jzqOoxMB4w==
1521401114.907137,0xd,1,0,0,7,AAAFAjIWTw==
1521401114.908274,0x11,1,0,0,8,AJVgZAAP71c=
1521401114.90932,0xc,1,0,0,7,EwISARIiXA==
1521401114.913507,0x10,1,0,0,7,jzqOoxMB4w==
1521401114.914574,0xd,1,0,0,7,AAAFAjIWTw==
1521401114.915715,0x11,1,0,0,8,AJVgZAAP71c=
1521401114.916742,0xc,1,0,0,7,EwISARIiXA==
1521401114.920957,0x10,1,0,0,7,jzqOoxMB4w==
1521401114.922021,0xd,1,0,0,7,AAAFAjIWTw==
1521401114.923156,0x11,1,0,0,8,AJVgZAAP71c=
1521401114.924197,0xc,1,0,0,7,EwISARIiXA==
1521401114.928483,0x10,1,0,0,7,jzqOoxMB4w==
1521401114.929526,0xd,1,0,0,7,AAAFAjIXUA==
1521401114.930665,0x11,1,0,0,8,AJVgZAAP71c=
1521401114.931712,0xc,1,0,0,7,EwISARIiXA==
1521401114.935892,0x10,1,0,0,7,jzqOoxMB4w==
1521401114.936954,0xd,1,0,0,7,AAAFAjIXUA==
1521401114.938096,0x11,1,0,0,8,AJVgZAAP71c=
1521401114.939129,0xc,1,0,0,7,EwISARIiXA==
1521401114.943354,0x10,1,0,0,7,jzqOoxMB4w==
1521401114.944402,0xd,1,0,0,7,AAAFAjIXUA==
1521401114.945542,0x11,1,0,0,8,AJVgZAAP71c=
1521401114.946589,0xc,1,0,0,7,EwISARIiXA==
1521401114.950801,0x10,1,0,0,7,jzqOoxMB4w==
1521401114.951859,0xd,1,0,0,7,AAAFAjIXUA==
1521401114.952986,0x11,1,0,0,8,AJVgZAAP71c=
1521401114.954022,0xc,1,0,0,7,EwISARIiXA==
1521401114.958252,0x10,1,0,0,7,jzqOoxMB4w==
1521401114.959309,0xd,1,0,0,7,AAAFAjIXUA==
1521401114.960443,0x11,1,0,0,8,AJVgZAAP71c=
1521401114.961483,0xc,1,0,0,7,EwISARIiXA==
1521401114.965758,0x10,1,0,0,7,jzqOoxMB4w==
1521401114.966782,0xd,1,0,0,7,AAAFAjIXUA==
1521401114.967932,0x11,1,0,0,8,AJVgZAAP71c=
1521401114.96897,0xc,1,0,0,7,EwISARIiXA==
1521401114.974169,0x10,1,0,0,7,jzqOoxMB4w==
1521401114.975233,0xd,1,0,0,7,AAAFAjIXUA==
1521401114.976362,0x11,1,0,0,8,AJVgZAAP71c=
1521401114.977409,0xc,1,0,0,7,EwISARIiXA==
1521401114.980672,0x10,1,0,0,7,jzqOoxMB4w==
1521401114.981728,0xd,1,0,0,7,AAAFAjIXUA==
1521401114.982863,0x11,1,0,0,8,AJVgZAAP71c=
1521401114.983901,0xc,1,0,0,7,EwISARIiXA==
1521401114.988101,0x10,1,0,0,7,jzqOoxMB4w==
1521401114.98916,0xd,1,0,0,7,AAAFAjIXUA==
